Time,Float_V,Q10_V,Q20_V
0,-65.3,-65.6943,-65.3
0.1,-65.5936,-66.3809,-65.5937
0.2,-65.8803,-67.0566,-65.8804
0.3,-66.1596,-67.7178,-66.1597
0.4,-66.431,-68.3613,-66.431
0.5,-66.694,-68.9844,-66.6941
0.6,-66.9485,-69.585,-66.9486
0.7,-67.1941,-70.1602,-67.1942
0.8,-67.4306,-70.709,-67.4308
0.9,-67.658,-71.2305,-67.6581
1,-67.8761,-71.7236,-67.8762
1.1,-68.0849,-72.1875,-68.085
1.2,-68.2844,-72.6221,-68.2845
1.3,-68.4747,-73.0283,-68.4749
1.4,-68.6559,-73.4062,-68.6561
1.5,-68.8282,-73.7568,-68.8284
1.6,-68.9918,-74.0811,-68.992
1.7,-69.1468,-74.3799,-69.147
1.8,-69.2935,-74.6543,-69.2937
1.9,-69.4322,-74.9062,-69.4324
2,-69.5631,-75.1367,-69.5633
2.1,-69.6865,-75.3467,-69.6867
2.2,-69.8026,-75.5381,-69.8029
2.3,-69.9119,-75.7119,-69.9121
2.4,-70.0145,-75.8691,-70.0148
2.5,-70.1109,-76.0117,-70.1111
2.6,-70.2012,-76.1406,-70.2014
2.7,-70.2857,-76.2568,-70.286
2.8,-70.3649,-76.3613,-70.3651
2.9,-70.4388,-76.4561,-70.4391
3,-70.5079,-76.541,-70.5082
3.1,-70.5724,-76.6172,-70.5726
3.2,-70.6325,-76.6855,-70.6328
3.3,-70.6885,-76.7461,-70.6888
3.4,-70.7406,-76.8008,-70.7409
3.5,-70.7891,-76.8496,-70.7894
3.6,-70.8342,-76.8926,-70.8344
3.7,-70.876,-76.9307,-70.8763
3.8,-70.9148,-76.9648,-70.9151
3.9,-70.9508,-76.9951,-70.9511
4,-70.9842,-77.0215,-70.9844
4.1,-71.015,-77.0449,-71.0153
4.2,-71.0436,-77.0654,-71.0438
4.3,-71.0699,-77.083,-71.0702
4.4,-71.0942,-77.0986,-71.0945
4.5,-71.1167,-77.1123,-71.1169
4.6,-71.1373,-77.124,-71.1375
4.7,-71.1563,-77.1338,-71.1565
4.8,-71.1737,-77.1426,-71.174
4.9,-71.1898,-77.1494,-71.19
5,-71.2044,-77.1553,-71.2047
5.1,-71.2178,-77.1602,-71.2181
5.2,-71.2301,-77.1641,-71.2303
5.3,-71.2412,-77.167,-71.2415
5.4,-71.2514,-77.1689,-71.2516
5.5,-71.2606,-77.1699,-71.2608
5.6,-71.2689,-77.1709,-71.2692
5.7,-71.2765,-77.1709,-71.2767
5.8,-71.2832,-77.1709,-71.2835
5.9,-71.2893,-77.1699,-71.2895
6,-71.2947,-77.1689,-71.2949
6.1,-71.2995,-77.168,-71.2997
6.2,-71.3037,-77.166,-71.3039
6.3,-71.3074,-77.1641,-71.3076
6.4,-71.3106,-77.1621,-71.3108
6.5,-71.3133,-77.1592,-71.3136
6.6,-71.3157,-77.1562,-71.3159
6.7,-71.3176,-77.1533,-71.3178
6.8,-71.3192,-77.1504,-71.3194
6.9,-71.3204,-77.1465,-71.3206
7,-71.3213,-77.1426,-71.3215
7.1,-71.3219,-77.1387,-71.3222
7.2,-71.3223,-77.1348,-71.3225
7.3,-71.3224,-77.1309,-71.3226
7.4,-71.3222,-77.127,-71.3225
7.5,-71.3219,-77.123,-71.3221
7.6,-71.3214,-77.1191,-71.3216
7.7,-71.3206,-77.1152,-71.3209
7.8,-71.3197,-77.1113,-71.32
7.9,-71.3186,-77.1074,-71.3189
8,-71.3174,-77.1025,-71.3177
8.1,-71.3161,-77.0977,-71.3163
8.2,-71.3146,-77.0938,-71.3149
8.3,-71.313,-77.0889,-71.3133
8.4,-71.3113,-77.084,-71.3116
8.5,-71.3095,-77.0801,-71.3098
8.6,-71.3076,-77.0762,-71.3079
8.7,-71.3056,-77.0723,-71.3059
8.8,-71.3036,-77.0684,-71.3038
8.9,-71.3014,-77.0645,-71.3017
9,-71.2992,-77.0605,-71.2995
9.1,-71.297,-77.0566,-71.2972
9.2,-71.2947,-77.0527,-71.2949
9.3,-71.2923,-77.0488,-71.2925
9.4,-71.2899,-77.0449,-71.2901
9.5,-71.2874,-77.041,-71.2876
9.6,-71.2849,-77.0371,-71.2851
9.7,-71.2823,-77.0332,-71.2826
9.8,-71.2798,-77.0293,-71.28
9.9,-71.2771,-77.0254,-71.2774
10,-71.2745,-77.0215,-71.2747
10.1,-69.7718,-75.5234,-69.7721
10.2,-68.3654,-74.168,-68.3656
10.3,-67.0327,-72.9258,-67.033
10.4,-65.7554,-71.7764,-65.7556
10.5,-64.5178,-70.7012,-64.5181
10.6,-63.3063,-69.6865,-63.3066
10.7,-62.1086,-68.7207,-62.1089
10.8,-60.9129,-67.7939,-60.9133
10.9,-59.708,-66.8975,-59.7084
11,-58.4822,-66.0244,-58.4825
11.1,-57.2232,-65.168,-57.2236
11.2,-55.9177,-64.3223,-55.9181
11.3,-54.5506,-63.4814,-54.5511
11.4,-53.1045,-62.6396,-53.105
11.5,-51.5585,-61.792,-51.559
11.6,-49.8872,-60.9326,-49.8878
11.7,-48.0591,-60.0557,-48.0598
11.8,-46.0337,-59.1553,-46.0345
11.9,-43.7587,-58.2246,-43.7596
12,-41.164,-57.2549,-41.1651
12.1,-38.1543,-56.2383,-38.1556
12.2,-34.5957,-55.165,-34.5973
12.3,-30.2943,-54.0225,-30.2963
12.4,-24.96,-52.7969,-24.9625
12.5,-18.1389,-51.4707,-18.1422
12.6,-9.08487,-50.0225,-9.08938
12.7,3.5084,-48.4258,3.5019
12.8,22.1152,-46.6455,22.1051
12.9,51.9296,-44.6387,51.9126
13,-64.6029,-42.3457,-64.6029
13.1,-64.2115,-39.6875,-64.2115
13.2,-63.8245,-36.5547,-63.8246
13.3,-63.4407,-32.792,-63.4407
13.4,-63.0587,-28.1719,-63.0588
13.5,-62.6776,-22.3477,-62.6776
13.6,-62.296,-14.7695,-62.2961
13.7,-61.9129,-4.5127,-61.913
13.8,-61.5271,10.0811,-61.5272
13.9,-61.1374,32.2568,-61.1375
14,-60.7427,-64.9736,-60.7428
14.1,-60.3416,-64.9463,-60.3417
14.2,-59.9329,-64.917,-59.933
14.3,-59.515,-64.8867,-59.5151
14.4,-59.0865,-64.8555,-59.0866
14.5,-58.6456,-64.8223,-58.6458
14.6,-58.1907,-64.7881,-58.1908
14.7,-57.7195,-64.7529,-57.7197
14.8,-57.23,-64.7158,-57.2302
14.9,-56.7195,-64.6777,-56.7197
15,-56.1852,-64.6377,-56.1854
15.1,-55.6238,-64.5967,-55.6241
15.2,-55.0317,-64.5547,-55.0319
15.3,-54.4043,-64.5107,-54.4046
15.4,-53.7368,-64.4658,-53.7371
15.5,-53.0231,-64.4199,-53.0235
15.6,-52.2563,-64.3721,-52.2567
15.7,-51.428,-64.3232,-51.4284
15.8,-50.528,-64.2734,-50.5285
15.9,-49.544,-64.2227,-49.5446
16,-48.461,-64.1699,-48.4616
16.1,-47.2602,-64.1162,-47.2608
16.2,-45.9178,-64.0605,-45.9185
16.3,-44.4038,-64.0039,-44.4046
16.4,-42.6789,-63.9453,-42.6799
16.5,-40.6918,-63.8857,-40.693
16.6,-38.3732,-63.8242,-38.3745
16.7,-35.628,-63.7617,-35.6296
16.8,-32.3223,-63.6973,-32.3243
16.9,-28.2619,-63.6309,-28.2644
17,-23.1552,-63.5635,-23.1584
17.1,-16.5452,-63.4941,-16.5495
17.2,-7.68021,-63.4229,-7.68611
17.3,4.75788,-63.3506,4.74934
17.4,23.2688,-63.2764,23.2556
17.5,53.1092,-63.2002,53.0868
17.6,-65.3618,-63.1221,-65.3618
17.7,-65.7127,-63.043,-65.7127
17.8,-66.052,-62.9619,-66.052
17.9,-66.3789,-62.8779,-66.379
18,-66.693,-62.792,-66.693
18.1,-66.9938,-62.7041,-66.9938
18.2,-67.281,-62.6143,-67.281
18.3,-67.5543,-62.5225,-67.5544
18.4,-67.8138,-62.4277,-67.8138
18.5,-68.0592,-62.3311,-68.0593
18.6,-68.2909,-62.2314,-68.2909
18.7,-68.5088,-62.1289,-68.5089
18.8,-68.7133,-62.0234,-68.7134
18.9,-68.9046,-61.915,-68.9046
19,-69.083,-61.8037,-69.0831
19.1,-69.249,-61.6895,-69.2491
19.2,-69.4029,-61.5723,-69.403
19.3,-69.5453,-61.4512,-69.5454
19.4,-69.6765,-61.3271,-69.6766
19.5,-69.797,-61.1992,-69.7971
19.6,-69.9074,-61.0674,-69.9075
19.7,-70.0081,-60.9307,-70.0082
19.8,-70.0996,-60.79,-70.0997
19.9,-70.1824,-60.6445,-70.1825
20,-70.2569,-60.4941,-70.257
20.1,-70.3237,-60.3389,-70.3238
20.2,-70.3831,-60.1777,-70.3832
20.3,-70.4356,-60.0107,-70.4358
20.4,-70.4817,-59.8369,-70.4818
20.5,-70.5216,-59.6572,-70.5217
20.6,-70.5558,-59.4697,-70.556
20.7,-70.5847,-59.2754,-70.5848
20.8,-70.6086,-59.0723,-70.6087
20.9,-70.6277,-58.8604,-70.6279
21,-70.6425,-58.6387,-70.6426
21.1,-70.6532,-58.4072,-70.6533
21.2,-70.6601,-58.165,-70.6602
21.3,-70.6634,-57.9111,-70.6635
21.4,-70.6633,-57.6445,-70.6635
21.5,-70.6602,-57.3633,-70.6603
21.6,-70.6541,-57.0674,-70.6543
21.7,-70.6454,-56.7539,-70.6455
21.8,-70.6341,-56.4229,-70.6343
21.9,-70.6205,-56.0713,-70.6207
22,-70.6047,-55.6973,-70.6049
22.1,-70.5868,-55.2988,-70.587
22.2,-70.5671,-54.873,-70.5672
22.3,-70.5455,-54.417,-70.5457
22.4,-70.5223,-53.9268,-70.5225
22.5,-70.4976,-53.3984,-70.4977
22.6,-70.4714,-52.8262,-70.4715
22.7,-70.4438,-52.2041,-70.444
22.8,-70.415,-51.5264,-70.4152
22.9,-70.385,-50.7832,-70.3851
23,-70.3539,-49.9648,-70.354
23.1,-70.3217,-49.0596,-70.3219
23.2,-70.2886,-48.0508,-70.2887
23.3,-70.2545,-46.9209,-70.2547
23.4,-70.2196,-45.6445,-70.2197
23.5,-70.1838,-44.1914,-70.184
23.6,-70.1474,-42.5225,-70.1475
23.7,-70.1101,-40.585,-70.1103
23.8,-70.0723,-38.3086,-70.0724
23.9,-70.0337,-35.5967,-70.0339
24,-69.9946,-32.3135,-69.9948
24.1,-69.9549,-28.2627,-69.955
24.2,-69.9146,-23.1494,-69.9148
24.3,-69.8738,-16.5117,-69.874
24.4,-69.8326,-7.59277,-69.8328
24.5,-69.7908,4.93066,-69.791
24.6,-69.7486,23.5605,-69.7488
24.7,-69.706,53.5332,-69.7062
24.8,-69.663,-65.6543,-69.6632
24.9,-69.6196,-66.2988,-69.6198
25,-69.5758,-66.9307,-69.576
25.1,-69.5316,-67.5469,-69.5318
25.2,-69.4871,-68.1445,-69.4873
25.3,-69.4423,-68.7207,-69.4424
25.4,-69.3971,-69.2744,-69.3972
25.5,-69.3516,-69.8037,-69.3517
25.6,-69.3057,-70.3076,-69.3059
25.7,-69.2596,-70.7842,-69.2598
25.8,-69.2132,-71.2334,-69.2134
25.9,-69.1665,-71.6553,-69.1666
26,-69.1195,-72.0498,-69.1196
26.1,-69.0722,-72.417,-69.0724
26.2,-69.0246,-72.7578,-69.0248
26.3,-68.9768,-73.0723,-68.977
26.4,-68.9287,-73.3623,-68.9289
26.5,-68.8803,-73.6279,-68.8805
26.6,-68.8317,-73.8711,-68.8319
26.7,-68.7828,-74.0928,-68.783
26.8,-68.7337,-74.2939,-68.7339
26.9,-68.6842,-74.4766,-68.6844
27,-68.6346,-74.6406,-68.6348
27.1,-68.5847,-74.7881,-68.5849
27.2,-68.5345,-74.9209,-68.5347
27.3,-68.484,-75.0391,-68.4843
27.4,-68.4333,-75.1436,-68.4336
27.5,-68.3824,-75.2363,-68.3826
27.6,-68.3312,-75.3174,-68.3314
27.7,-68.2797,-75.3887,-68.2799
27.8,-68.228,-75.4502,-68.2282
27.9,-68.176,-75.5039,-68.1762
28,-68.1237,-75.5498,-68.124
28.1,-68.0712,-75.5879,-68.0714
28.2,-68.0184,-75.6191,-68.0186
28.3,-67.9653,-75.6445,-67.9656
28.4,-67.912,-75.665,-67.9122
28.5,-67.8584,-75.6807,-67.8586
28.6,-67.8045,-75.6914,-67.8047
28.7,-67.7503,-75.6982,-67.7505
28.8,-67.6958,-75.7012,-67.696
28.9,-67.641,-75.7012,-67.6412
29,-67.5859,-75.6982,-67.5861
29.1,-67.5305,-75.6924,-67.5308
29.2,-67.4748,-75.6846,-67.4751
29.3,-67.4188,-75.6738,-67.4191
29.4,-67.3625,-75.6611,-67.3627
29.5,-67.3058,-75.6465,-67.3061
29.6,-67.2488,-75.6299,-67.2491
29.7,-67.1915,-75.6123,-67.1918
29.8,-67.1339,-75.5928,-67.1341
29.9,-67.0759,-75.5723,-67.0761
30,-67.0175,-75.5508,-67.0178
30.1,-66.9588,-75.5283,-66.9591
30.2,-66.8997,-75.5049,-66.9
30.3,-66.8402,-75.4805,-66.8405
30.4,-66.7804,-75.4551,-66.7807
30.5,-66.7202,-75.4297,-66.7204
30.6,-66.6595,-75.4033,-66.6598
30.7,-66.5985,-75.376,-66.5988
30.8,-66.537,-75.3486,-66.5373
30.9,-66.4751,-75.3203,-66.4754
31,-66.4128,-75.292,-66.4131
31.1,-66.35,-75.2637,-66.3503
31.2,-66.2868,-75.2344,-66.2871
31.3,-66.2231,-75.2051,-66.2234
31.4,-66.159,-75.1748,-66.1593
31.5,-66.0943,-75.1445,-66.0946
31.6,-66.0292,-75.1143,-66.0295
31.7,-65.9635,-75.084,-65.9638
31.8,-65.8973,-75.0527,-65.8977
31.9,-65.8306,-75.0215,-65.831
32,-65.7634,-74.9902,-65.7637
32.1,-65.6955,-74.959,-65.6959
32.2,-65.6271,-74.9277,-65.6275
32.3,-65.5581,-74.8965,-65.5585
32.4,-65.4885,-74.8652,-65.4889
32.5,-65.4183,-74.833,-65.4186
32.6,-65.3474,-74.8008,-65.3478
32.7,-65.2759,-74.7686,-65.2762
32.8,-65.2037,-74.7363,-65.204
32.9,-65.1308,-74.7041,-65.1311
33,-65.0572,-74.6719,-65.0575
33.1,-64.9828,-74.6396,-64.9832
33.2,-64.9077,-74.6074,-64.9081
33.3,-64.8318,-74.5752,-64.8322
33.4,-64.7551,-74.543,-64.7555
33.5,-64.6776,-74.5098,-64.678
33.6,-64.5992,-74.4766,-64.5996
33.7,-64.52,-74.4434,-64.5204
33.8,-64.4398,-74.4102,-64.4402
33.9,-64.3587,-74.377,-64.3591
34,-64.2767,-74.3438,-64.2771
34.1,-64.1936,-74.3105,-64.1941
34.2,-64.1096,-74.2773,-64.11
34.3,-64.0244,-74.2441,-64.0249
34.4,-63.9382,-74.2109,-63.9387
34.5,-63.8508,-74.1777,-63.8513
34.6,-63.7623,-74.1445,-63.7628
34.7,-63.6725,-74.1113,-63.673
34.8,-63.5815,-74.0781,-63.582
34.9,-63.4892,-74.0449,-63.4897
35,-63.3955,-74.0117,-63.396
35.1,-63.3004,-73.9785,-63.3009
35.2,-63.2039,-73.9453,-63.2044
35.3,-63.1058,-73.9121,-63.1064
35.4,-63.0062,-73.8789,-63.0068
35.5,-62.905,-73.8457,-62.9055
35.6,-62.802,-73.8125,-62.8026
35.7,-62.6973,-73.7793,-62.6979
35.8,-62.5907,-73.7451,-62.5913
35.9,-62.4822,-73.7109,-62.4828
36,-62.3717,-73.6768,-62.3723
36.1,-62.2591,-73.6426,-62.2597
36.2,-62.1443,-73.6084,-62.145
36.3,-62.0273,-73.5752,-62.0279
36.4,-61.9078,-73.541,-61.9085
36.5,-61.7859,-73.5068,-61.7865
36.6,-61.6613,-73.4727,-61.662
36.7,-61.534,-73.4385,-61.5347
36.8,-61.4038,-73.4043,-61.4045
36.9,-61.2705,-73.3701,-61.2712
37,-61.1341,-73.3359,-61.1348
37.1,-60.9943,-73.3018,-60.995
37.2,-60.8509,-73.2676,-60.8517
37.3,-60.7039,-73.2334,-60.7047
37.4,-60.5529,-73.1992,-60.5537
37.5,-60.3977,-73.165,-60.3986
37.6,-60.2382,-73.1309,-60.239
37.7,-60.0739,-73.0967,-60.0748
37.8,-59.9047,-73.0625,-59.9057
37.9,-59.7303,-73.0283,-59.7313
38,-59.5502,-72.9941,-59.5512
38.1,-59.3642,-72.96,-59.3653
38.2,-59.1719,-72.9258,-59.173
38.3,-58.9727,-72.8916,-58.9739
38.4,-58.7663,-72.8574,-58.7675
38.5,-58.5521,-72.8232,-58.5533
38.6,-58.3295,-72.7891,-58.3308
38.7,-58.098,-72.7539,-58.0993
38.8,-57.8567,-72.7188,-57.858
38.9,-57.6049,-72.6836,-57.6064
39,-57.3419,-72.6484,-57.3433
39.1,-57.0665,-72.6133,-57.068
39.2,-56.7777,-72.5781,-56.7793
39.3,-56.4744,-72.543,-56.4761
39.4,-56.1551,-72.5078,-56.1569
39.5,-55.8184,-72.4727,-55.8203
39.6,-55.4625,-72.4375,-55.4645
39.7,-55.0854,-72.4023,-55.0875
39.8,-54.6849,-72.3672,-54.6872
39.9,-54.2584,-72.332,-54.2609
40,-53.803,-72.2969,-53.8056
40.1,-53.3152,-72.2617,-53.3179
40.2,-52.7909,-72.2266,-52.7939
40.3,-52.2255,-72.1914,-52.2287
40.4,-51.6134,-72.1562,-51.6169
40.5,-50.948,-72.1211,-50.9518
40.6,-50.2215,-72.085,-50.2257
40.7,-49.4244,-72.0488,-49.429
40.8,-48.545,-72.0127,-48.5501
40.9,-47.5692,-71.9766,-47.5749
41,-46.4794,-71.9404,-46.4857
41.1,-45.2534,-71.9043,-45.2605
41.2,-43.863,-71.8682,-43.8711
41.3,-42.2719,-71.832,-42.2812
41.4,-40.4323,-71.7959,-40.4432
41.5,-38.2805,-71.7598,-38.2933
41.6,-35.7294,-71.7236,-35.7446
41.7,-32.657,-71.6875,-32.6756
41.8,-28.8881,-71.6514,-28.9111
41.9,-24.1619,-71.6152,-24.1911
42,-18.075,-71.5791,-18.1133
42.1,-9.9728,-71.543,-10.0247
42.2,1.2716,-71.5068,1.19792
42.3,17.7466,-71.4697,17.6353
42.4,43.7116,-71.4326,43.5287
42.5,-65.5694,-71.3955,-65.5694
42.6,-66.1225,-71.3584,-66.1225
42.7,-66.6573,-71.3213,-66.6573
42.8,-67.1719,-71.2842,-67.1719
42.9,-67.6648,-71.2471,-67.6647
43,-68.1346,-71.21,-68.1345
43.1,-68.5805,-71.1729,-68.5805
43.2,-69.0019,-71.1357,-69.0019
43.3,-69.3985,-71.0986,-69.3985
43.4,-69.7702,-71.0615,-69.7701
43.5,-70.1172,-71.0244,-70.1171
43.6,-70.4398,-70.9873,-70.4397
43.7,-70.7387,-70.9492,-70.7386
43.8,-71.0146,-70.9111,-71.0145
43.9,-71.2683,-70.873,-71.2682
44,-71.5008,-70.835,-71.5008
44.1,-71.7131,-70.7969,-71.7131
44.2,-71.9063,-70.7588,-71.9062
44.3,-72.0814,-70.7207,-72.0813
44.4,-72.2395,-70.6826,-72.2394
44.5,-72.3817,-70.6445,-72.3816
44.6,-72.509,-70.6064,-72.5089
44.7,-72.6226,-70.5684,-72.6225
44.8,-72.7233,-70.5293,-72.7232
44.9,-72.8121,-70.4902,-72.8121
45,-72.89,-70.4512,-72.8899
45.1,-72.9577,-70.4121,-72.9577
45.2,-73.0162,-70.373,-73.0161
45.3,-73.0661,-70.334,-73.066
45.4,-73.1081,-70.2949,-73.108
45.5,-73.1429,-70.2559,-73.1429
45.6,-73.1711,-70.2168,-73.1711
45.7,-73.1933,-70.1777,-73.1932
45.8,-73.2099,-70.1377,-73.2099
45.9,-73.2215,-70.0977,-73.2215
46,-73.2285,-70.0576,-73.2284
46.1,-73.2312,-70.0176,-73.2312
46.2,-73.2301,-69.9775,-73.2301
46.3,-73.2256,-69.9375,-73.2255
46.4,-73.2178,-69.8975,-73.2178
46.5,-73.2071,-69.8574,-73.2071
46.6,-73.1937,-69.8164,-73.1937
46.7,-73.1779,-69.7754,-73.1779
46.8,-73.1599,-69.7344,-73.1599
46.9,-73.1399,-69.6934,-73.1399
47,-73.1181,-69.6523,-73.1181
47.1,-73.0945,-69.6113,-73.0945
47.2,-73.0695,-69.5703,-73.0695
47.3,-73.043,-69.5293,-73.043
47.4,-73.0153,-69.4873,-73.0153
47.5,-72.9864,-69.4453,-72.9864
47.6,-72.9564,-69.4033,-72.9564
47.7,-72.9254,-69.3613,-72.9254
47.8,-72.8936,-69.3193,-72.8936
47.9,-72.8609,-69.2773,-72.8609
48,-72.8275,-69.2344,-72.8275
48.1,-72.7933,-69.1914,-72.7934
48.2,-72.7586,-69.1484,-72.7586
48.3,-72.7233,-69.1055,-72.7233
48.4,-72.6874,-69.0625,-72.6874
48.5,-72.651,-69.0195,-72.6511
48.6,-72.6142,-68.9766,-72.6142
48.7,-72.577,-68.9326,-72.577
48.8,-72.5393,-68.8887,-72.5394
48.9,-72.5013,-68.8447,-72.5014
49,-72.463,-68.8008,-72.463
49.1,-72.4244,-68.7568,-72.4244
49.2,-72.3854,-68.7119,-72.3855
49.3,-72.3462,-68.667,-72.3463
49.4,-72.3068,-68.6221,-72.3068
49.5,-72.2671,-68.5771,-72.2671
49.6,-72.2271,-68.5322,-72.2272
49.7,-72.187,-68.4863,-72.187
49.8,-72.1467,-68.4404,-72.1467
49.9,-72.1061,-68.3945,-72.1062
50,-72.0654,-68.3486,-72.0655
50.1,-72.0246,-68.3027,-72.0246
50.2,-71.9835,-68.2559,-71.9836
50.3,-71.9424,-68.209,-71.9424
50.4,-71.901,-68.1621,-71.9011
50.5,-71.8595,-68.1152,-71.8596
50.6,-71.8179,-68.0684,-71.818
50.7,-71.7762,-68.0205,-71.7762
50.8,-71.7343,-67.9727,-71.7343
50.9,-71.6923,-67.9248,-71.6923
51,-71.6502,-67.876,-71.6502
51.1,-71.6079,-67.8271,-71.608
51.2,-71.5656,-67.7783,-71.5656
51.3,-71.5231,-67.7295,-71.5231
51.4,-71.4805,-67.6797,-71.4806
51.5,-71.4378,-67.6299,-71.4379
51.6,-71.395,-67.5801,-71.3951
51.7,-71.3521,-67.5293,-71.3521
51.8,-71.3091,-67.4785,-71.3091
51.9,-71.266,-67.4277,-71.266
52,-71.2227,-67.377,-71.2228
52.1,-71.1794,-67.3252,-71.1794
52.2,-71.136,-67.2734,-71.136
52.3,-71.0924,-67.2217,-71.0925
52.4,-71.0488,-67.1689,-71.0488
52.5,-71.005,-67.1162,-71.0051
52.6,-70.9612,-67.0635,-70.9612
52.7,-70.9172,-67.0098,-70.9172
52.8,-70.8731,-66.9561,-70.8732
52.9,-70.8289,-66.9014,-70.829
53,-70.7847,-66.8467,-70.7847
53.1,-70.7403,-66.791,-70.7403
53.2,-70.6958,-66.7354,-70.6959
53.3,-70.6512,-66.6797,-70.6513
53.4,-70.6065,-66.623,-70.6065
53.5,-70.5617,-66.5664,-70.5617
53.6,-70.5167,-66.5088,-70.5168
53.7,-70.4717,-66.4512,-70.4717
53.8,-70.4265,-66.3926,-70.4266
53.9,-70.3812,-66.334,-70.3813
54,-70.3358,-66.2744,-70.3359
54.1,-70.2903,-66.2148,-70.2904
54.2,-70.2447,-66.1543,-70.2448
54.3,-70.199,-66.0938,-70.199
54.4,-70.1531,-66.0322,-70.1532
54.5,-70.1071,-65.9707,-70.1072
54.6,-70.061,-65.9082,-70.0611
54.7,-70.0147,-65.8447,-70.0148
54.8,-69.9684,-65.7812,-69.9684
54.9,-69.9219,-65.7168,-69.9219
55,-69.8752,-65.6514,-69.8753
55.1,-69.8284,-65.5859,-69.8285
55.2,-69.7815,-65.5195,-69.7816
55.3,-69.7345,-65.4521,-69.7346
55.4,-69.6873,-65.3848,-69.6874
55.5,-69.64,-65.3164,-69.6401
55.6,-69.5925,-65.2471,-69.5926
55.7,-69.5449,-65.1768,-69.545
55.8,-69.4971,-65.1055,-69.4972
55.9,-69.4492,-65.0342,-69.4493
56,-69.4012,-64.9619,-69.4012
56.1,-69.3529,-64.8887,-69.353
56.2,-69.3046,-64.8145,-69.3046
56.3,-69.256,-64.7393,-69.2561
56.4,-69.2073,-64.6631,-69.2074
56.5,-69.1584,-64.5859,-69.1585
56.6,-69.1094,-64.5078,-69.1095
56.7,-69.0602,-64.4287,-69.0603
56.8,-69.0108,-64.3477,-69.0109
56.9,-68.9613,-64.2656,-68.9613
57,-68.9115,-64.1826,-68.9116
57.1,-68.8616,-64.0986,-68.8617
57.2,-68.8115,-64.0127,-68.8116
57.3,-68.7612,-63.9258,-68.7613
57.4,-68.7107,-63.8379,-68.7108
57.5,-68.66,-63.748,-68.6601
57.6,-68.6092,-63.6572,-68.6093
57.7,-68.5581,-63.5645,-68.5582
57.8,-68.5068,-63.4697,-68.5069
57.9,-68.4553,-63.373,-68.4554
58,-68.4036,-63.2754,-68.4037
58.1,-68.3517,-63.1758,-68.3518
58.2,-68.2996,-63.0742,-68.2997
58.3,-68.2472,-62.9707,-68.2473
58.4,-68.1946,-62.8643,-68.1947
58.5,-68.1418,-62.7559,-68.1419
58.6,-68.0887,-62.6455,-68.0889
58.7,-68.0354,-62.5322,-68.0356
58.8,-67.9819,-62.417,-67.982
58.9,-67.9281,-62.2988,-67.9282
59,-67.8741,-62.1777,-67.8742
59.1,-67.8197,-62.0537,-67.8199
59.2,-67.7652,-61.9268,-67.7653
59.3,-67.7103,-61.7969,-67.7105
59.4,-67.6552,-61.6631,-67.6553
59.5,-67.5998,-61.5264,-67.6
59.6,-67.5441,-61.3857,-67.5443
59.7,-67.4882,-61.2402,-67.4883
59.8,-67.4319,-61.0908,-67.432
59.9,-67.3753,-60.9375,-67.3755
60,-67.3184,-60.7793,-67.3186
60.1,-67.2612,-60.6162,-67.2614
60.2,-67.2037,-60.4473,-67.2039
60.3,-67.1459,-60.2725,-67.146
60.4,-67.0877,-60.0918,-67.0878
60.5,-67.0292,-59.9043,-67.0293
60.6,-66.9703,-59.71,-66.9704
60.7,-66.911,-59.5078,-66.9112
60.8,-66.8514,-59.2979,-66.8516
60.9,-66.7915,-59.0791,-66.7916
61,-66.7311,-58.8516,-66.7313
61.1,-66.6704,-58.6133,-66.6705
61.2,-66.6092,-58.3643,-66.6094
61.3,-66.5476,-58.1035,-66.5478
61.4,-66.4857,-57.8301,-66.4858
61.5,-66.4233,-57.543,-66.4234
61.6,-66.3604,-57.2412,-66.3606
61.7,-66.2971,-56.9219,-66.2973
61.8,-66.2334,-56.585,-66.2336
61.9,-66.1692,-56.2275,-66.1693
62,-66.1045,-55.8486,-66.1046
62.1,-66.0393,-55.4453,-66.0395
62.2,-65.9736,-55.0146,-65.9738
62.3,-65.9074,-54.5537,-65.9076
62.4,-65.8406,-54.0586,-65.8408
62.5,-65.7733,-53.5254,-65.7735
62.6,-65.7055,-52.9492,-65.7057
62.7,-65.6371,-52.3232,-65.6373
62.8,-65.5681,-51.6416,-65.5683
62.9,-65.4985,-50.8955,-65.4987
63,-65.4282,-50.0742,-65.4284
63.1,-65.3574,-49.166,-65.3576
63.2,-65.2858,-48.1553,-65.286
63.3,-65.2136,-47.0234,-65.2139
63.4,-65.1408,-45.7461,-65.141
63.5,-65.0672,-44.293,-65.0674
63.6,-64.9928,-42.625,-64.9931
63.7,-64.9178,-40.6895,-64.918
63.8,-64.8419,-38.417,-64.8421
63.9,-64.7653,-35.7119,-64.7655
64,-64.6878,-32.4395,-64.688
64.1,-64.6095,-28.4053,-64.6097
64.2,-64.5303,-23.3164,-64.5305
64.3,-64.4502,-16.7178,-64.4504
64.4,-64.3692,-7.86035,-64.3694
64.5,-64.2872,4.56055,-64.2874
64.6,-64.2042,23.0068,-64.2045
64.7,-64.1202,52.6182,-64.1205
64.8,-64.0352,-65.6396,-64.0355
64.9,-63.949,-66.2695,-63.9493
65,-63.8618,-66.8877,-63.8621
65.1,-63.7733,-67.4902,-63.7736
65.2,-63.6837,-68.0752,-63.684
65.3,-63.5928,-68.6396,-63.5931
65.4,-63.5006,-69.1826,-63.5009
65.5,-63.407,-69.7012,-63.4073
65.6,-63.3121,-70.1953,-63.3124
65.7,-63.2157,-70.6631,-63.216
65.8,-63.1178,-71.1045,-63.1181
65.9,-63.0183,-71.5195,-63.0187
66,-62.9172,-71.9082,-62.9176
66.1,-62.8145,-72.2705,-62.8148
66.2,-62.7099,-72.6064,-62.7102
66.3,-62.6035,-72.918,-62.6039
66.4,-62.4952,-73.2051,-62.4956
66.5,-62.3849,-73.4688,-62.3853
66.6,-62.2726,-73.71,-62.2729
66.7,-62.158,-73.9307,-62.1584
66.8,-62.0412,-74.1309,-62.0416
66.9,-61.922,-74.3125,-61.9224
67,-61.8003,-74.4766,-61.8007
67.1,-61.676,-74.624,-61.6764
67.2,-61.549,-74.7568,-61.5494
67.3,-61.4191,-74.875,-61.4195
67.4,-61.2862,-74.9805,-61.2866
67.5,-61.1501,-75.0732,-61.1505
67.6,-61.0107,-75.1553,-61.0111
67.7,-60.8677,-75.2275,-60.8682
67.8,-60.7211,-75.29,-60.7216
67.9,-60.5705,-75.3438,-60.571
68,-60.4158,-75.3896,-60.4164
68.1,-60.2568,-75.4287,-60.2573
68.2,-60.0931,-75.4619,-60.0936
68.3,-59.9244,-75.4883,-59.925
68.4,-59.7506,-75.5098,-59.7512
68.5,-59.5712,-75.5264,-59.5718
68.6,-59.3859,-75.5381,-59.3865
68.7,-59.1942,-75.5459,-59.1949
68.8,-58.9959,-75.5498,-58.9965
68.9,-58.7903,-75.5508,-58.791
69,-58.577,-75.5488,-58.5777
69.1,-58.3554,-75.5439,-58.3561
69.2,-58.1248,-75.5361,-58.1256
69.3,-57.8847,-75.5264,-57.8855
69.4,-57.6341,-75.5146,-57.635
69.5,-57.3724,-75.501,-57.3732
69.6,-57.0984,-75.4854,-57.0993
69.7,-56.8112,-75.4678,-56.8122
69.8,-56.5096,-75.4492,-56.5106
69.9,-56.1922,-75.4287,-56.1932
70,-55.8575,-75.4072,-55.8586
70.1,-55.5038,-75.3848,-55.505
70.2,-55.1292,-75.3613,-55.1305
70.3,-54.7315,-75.3369,-54.7328
70.4,-54.3081,-75.3125,-54.3095
70.5,-53.8561,-75.2871,-53.8576
70.6,-53.372,-75.2607,-53.3737
70.7,-52.8521,-75.2344,-52.8539
70.8,-52.2916,-75.207,-52.2935
70.9,-51.6851,-75.1797,-51.6871
71,-51.0261,-75.1514,-51.0283
71.1,-50.3069,-75.1221,-50.3093
71.2,-49.5182,-75.0928,-49.5209
71.3,-48.6488,-75.0635,-48.6518
71.4,-47.6846,-75.0342,-47.688
71.5,-46.6087,-75.0039,-46.6124
71.6,-45.3993,-74.9736,-45.4035
71.7,-44.0291,-74.9434,-44.0339
71.8,-42.4627,-74.9131,-42.4682
71.9,-40.654,-74.8818,-40.6604
72,-38.5412,-74.8506,-38.5487
72.1,-36.0404,-74.8193,-36.0494
72.2,-33.0343,-74.7881,-33.0452
72.3,-29.355,-74.7568,-29.3684
72.4,-24.7535,-74.7246,-24.7706
72.5,-18.8467,-74.6924,-18.869
72.6,-11.0164,-74.6602,-11.0464
72.7,-0.206134,-74.6279,-0.248556
72.8,15.5237,-74.5957,15.4601
72.9,40.0817,-74.5635,39.9782
73,-65.5692,-74.5312,-65.5692
73.1,-66.1221,-74.499,-66.1221
73.2,-66.6567,-74.4668,-66.6567
73.3,-67.1711,-74.4346,-67.1711
73.4,-67.6637,-74.4014,-67.6637
73.5,-68.1334,-74.3682,-68.1334
73.6,-68.5792,-74.335,-68.5792
73.7,-69.0005,-74.3018,-69.0004
73.8,-69.3969,-74.2686,-69.3969
73.9,-69.7685,-74.2354,-69.7684
74,-70.1153,-74.2021,-70.1153
74.1,-70.4379,-74.1689,-70.4378
74.2,-70.7367,-74.1357,-70.7366
74.3,-71.0125,-74.1025,-71.0125
74.4,-71.2661,-74.0693,-71.2661
74.5,-71.4986,-74.0361,-71.4986
74.6,-71.7108,-74.0029,-71.7108
74.7,-71.904,-73.9697,-71.9039
74.8,-72.079,-73.9365,-72.079
74.9,-72.2371,-73.9033,-72.2371
75,-72.3792,-73.8701,-72.3792
75.1,-72.5066,-73.8369,-72.5066
75.2,-72.6201,-73.8037,-72.6201
75.3,-72.7208,-73.7705,-72.7208
75.4,-72.8097,-73.7373,-72.8097
75.5,-72.8875,-73.7031,-72.8876
75.6,-72.9553,-73.6689,-72.9553
75.7,-73.0137,-73.6357,-73.0138
75.8,-73.0636,-73.6025,-73.0636
75.9,-73.1056,-73.5684,-73.1057
76,-73.1405,-73.5342,-73.1405
76.1,-73.1687,-73.5,-73.1687
76.2,-73.1908,-73.4658,-73.1909
76.3,-73.2075,-73.4316,-73.2075
76.4,-73.2191,-73.3975,-73.2191
76.5,-73.2261,-73.3633,-73.2261
76.6,-73.2288,-73.3291,-73.2289
76.7,-73.2278,-73.2949,-73.2278
76.8,-73.2232,-73.2607,-73.2232
76.9,-73.2154,-73.2266,-73.2155
77,-73.2047,-73.1924,-73.2048
77.1,-73.1914,-73.1582,-73.1914
77.2,-73.1756,-73.124,-73.1756
77.3,-73.1576,-73.0898,-73.1576
77.4,-73.1376,-73.0557,-73.1376
77.5,-73.1157,-73.0215,-73.1158
77.6,-73.0922,-72.9873,-73.0923
77.7,-73.0672,-72.9531,-73.0672
77.8,-73.0407,-72.9189,-73.0407
77.9,-73.013,-72.8848,-73.013
78,-72.984,-72.8506,-72.9841
78.1,-72.9541,-72.8164,-72.9541
78.2,-72.9231,-72.7812,-72.9232
78.3,-72.8913,-72.7461,-72.8913
78.4,-72.8586,-72.7109,-72.8587
78.5,-72.8252,-72.6758,-72.8252
78.6,-72.7911,-72.6406,-72.7911
78.7,-72.7563,-72.6055,-72.7564
78.8,-72.721,-72.5703,-72.721
78.9,-72.6851,-72.5352,-72.6852
79,-72.6487,-72.5,-72.6488
79.1,-72.6119,-72.4648,-72.612
79.2,-72.5747,-72.4297,-72.5747
79.3,-72.537,-72.3945,-72.5371
79.4,-72.499,-72.3594,-72.4991
79.5,-72.4607,-72.3242,-72.4608
79.6,-72.4221,-72.2891,-72.4221
79.7,-72.3831,-72.2539,-72.3832
79.8,-72.3439,-72.2188,-72.344
79.9,-72.3045,-72.1836,-72.3045
80,-72.2648,-72.1484,-72.2648
80.1,-72.2248,-72.1133,-72.2249
80.2,-72.1847,-72.0771,-72.1848
80.3,-72.1444,-72.041,-72.1444
80.4,-72.1038,-72.0049,-72.1039
80.5,-72.0631,-71.9688,-72.0632
80.6,-72.0223,-71.9326,-72.0223
80.7,-71.9812,-71.8965,-71.9813
80.8,-71.94,-71.8604,-71.9401
80.9,-71.8987,-71.8242,-71.8988
81,-71.8572,-71.7881,-71.8573
81.1,-71.8156,-71.752,-71.8157
81.2,-71.7738,-71.7158,-71.7739
81.3,-71.732,-71.6797,-71.7321
81.4,-71.69,-71.6436,-71.69
81.5,-71.6478,-71.6074,-71.6479
81.6,-71.6056,-71.5713,-71.6057
81.7,-71.5632,-71.5352,-71.5633
81.8,-71.5207,-71.498,-71.5208
81.9,-71.4782,-71.4609,-71.4782
82,-71.4355,-71.4238,-71.4356
82.1,-71.3926,-71.3867,-71.3927
82.2,-71.3497,-71.3496,-71.3498
82.3,-71.3067,-71.3125,-71.3068
82.4,-71.2636,-71.2754,-71.2637
82.5,-71.2203,-71.2383,-71.2204
82.6,-71.177,-71.2012,-71.1771
82.7,-71.1336,-71.1641,-71.1337
82.8,-71.09,-71.127,-71.0901
82.9,-71.0464,-71.0898,-71.0465
83,-71.0026,-71.0527,-71.0027
83.1,-70.9587,-71.0156,-70.9589
83.2,-70.9148,-70.9785,-70.9149
83.3,-70.8707,-70.9404,-70.8708
83.4,-70.8265,-70.9023,-70.8266
83.5,-70.7822,-70.8643,-70.7824
83.6,-70.7378,-70.8262,-70.738
83.7,-70.6933,-70.7881,-70.6935
83.8,-70.6487,-70.75,-70.6489
83.9,-70.604,-70.7119,-70.6041
84,-70.5592,-70.6738,-70.5593
84.1,-70.5143,-70.6357,-70.5144
84.2,-70.4692,-70.5977,-70.4693
84.3,-70.424,-70.5586,-70.4242
84.4,-70.3788,-70.5195,-70.3789
84.5,-70.3334,-70.4805,-70.3335
84.6,-70.2878,-70.4414,-70.288
84.7,-70.2422,-70.4023,-70.2423
84.8,-70.1964,-70.3633,-70.1966
84.9,-70.1506,-70.3242,-70.1507
85,-70.1046,-70.2852,-70.1047
85.1,-70.0584,-70.2461,-70.0586
85.2,-70.0122,-70.207,-70.0123
85.3,-69.9658,-70.167,-69.966
85.4,-69.9193,-70.127,-69.9194
85.5,-69.8727,-70.0869,-69.8728
85.6,-69.8259,-70.0469,-69.826
85.7,-69.779,-70.0068,-69.7791
85.8,-69.7319,-69.9668,-69.732
85.9,-69.6847,-69.9268,-69.6849
86,-69.6374,-69.8867,-69.6375
86.1,-69.5899,-69.8467,-69.59
86.2,-69.5423,-69.8057,-69.5424
86.3,-69.4945,-69.7646,-69.4947
86.4,-69.4466,-69.7236,-69.4467
86.5,-69.3985,-69.6826,-69.3987
86.6,-69.3503,-69.6416,-69.3504
86.7,-69.3019,-69.6006,-69.302
86.8,-69.2533,-69.5596,-69.2535
86.9,-69.2046,-69.5186,-69.2048
87,-69.1558,-69.4766,-69.1559
87.1,-69.1067,-69.4346,-69.1069
87.2,-69.0575,-69.3926,-69.0576
87.3,-69.0081,-69.3506,-69.0083
87.4,-68.9585,-69.3086,-68.9587
87.5,-68.9088,-69.2656,-68.909
87.6,-68.8589,-69.2227,-68.859
87.7,-68.8088,-69.1797,-68.8089
87.8,-68.7585,-69.1367,-68.7586
87.9,-68.708,-69.0938,-68.7081
88,-68.6573,-69.0508,-68.6574
88.1,-68.6064,-69.0078,-68.6066
88.2,-68.5553,-68.9648,-68.5555
88.3,-68.504,-68.9209,-68.5042
88.4,-68.4525,-68.877,-68.4527
88.5,-68.4008,-68.833,-68.401
88.6,-68.3489,-68.7891,-68.349
88.7,-68.2967,-68.7451,-68.2969
88.8,-68.2444,-68.7002,-68.2445
88.9,-68.1917,-68.6553,-68.1919
89,-68.1389,-68.6104,-68.1391
89.1,-68.0858,-68.5654,-68.086
89.2,-68.0325,-68.5205,-68.0327
89.3,-67.979,-68.4746,-67.9792
89.4,-67.9252,-68.4287,-67.9254
89.5,-67.8711,-68.3828,-67.8713
89.6,-67.8168,-68.3369,-67.817
89.7,-67.7622,-68.291,-67.7624
89.8,-67.7073,-68.2441,-67.7075
89.9,-67.6522,-68.1973,-67.6524
90,-67.5968,-68.1504,-67.597
90.1,-67.5411,-68.1035,-67.5413
90.2,-67.4851,-68.0557,-67.4853
90.3,-67.4288,-68.0078,-67.429
90.4,-67.3722,-67.96,-67.3724
90.5,-67.3153,-67.9121,-67.3155
90.6,-67.2581,-67.8633,-67.2583
90.7,-67.2006,-67.8145,-67.2008
90.8,-67.1427,-67.7656,-67.1429
90.9,-67.0845,-67.7158,-67.0847
91,-67.026,-67.666,-67.0262
91.1,-66.9671,-67.6162,-66.9673
91.2,-66.9078,-67.5664,-66.908
91.3,-66.8482,-67.5156,-66.8484
91.4,-66.7882,-67.4648,-66.7884
91.5,-66.7278,-67.4141,-66.728
91.6,-66.667,-67.3633,-66.6673
91.7,-66.6059,-67.3115,-66.6061
91.8,-66.5443,-67.2598,-66.5445
91.9,-66.4823,-67.208,-66.4825
92,-66.4198,-67.1553,-66.4201
92.1,-66.357,-67.1025,-66.3572
92.2,-66.2937,-67.0488,-66.2939
92.3,-66.2299,-66.9951,-66.2301
92.4,-66.1656,-66.9414,-66.1659
92.5,-66.1009,-66.8867,-66.1012
92.6,-66.0357,-66.832,-66.036
92.7,-65.97,-66.7764,-65.9703
92.8,-65.9037,-66.7207,-65.904
92.9,-65.837,-66.6641,-65.8372
93,-65.7697,-66.6074,-65.7699
93.1,-65.7018,-66.5508,-65.7021
93.2,-65.6333,-66.4932,-65.6336
93.3,-65.5643,-66.4355,-65.5646
93.4,-65.4946,-66.377,-65.4949
93.5,-65.4244,-66.3184,-65.4247
93.6,-65.3535,-66.2588,-65.3538
93.7,-65.2819,-66.1992,-65.2822
93.8,-65.2097,-66.1387,-65.21
93.9,-65.1368,-66.0781,-65.1371
94,-65.0631,-66.0166,-65.0635
94.1,-64.9888,-65.9551,-64.9891
94.2,-64.9137,-65.8926,-64.914
94.3,-64.8378,-65.8291,-64.8381
94.4,-64.7611,-65.7656,-64.7614
94.5,-64.6835,-65.7012,-64.6839
94.6,-64.6052,-65.6357,-64.6055
94.7,-64.5259,-65.5703,-64.5263
94.8,-64.4458,-65.5039,-64.4462
94.9,-64.3647,-65.4365,-64.3651
95,-64.2827,-65.3682,-64.2831
95.1,-64.1997,-65.2998,-64.2
95.2,-64.1156,-65.2305,-64.116
95.3,-64.0305,-65.1602,-64.0309
95.4,-63.9443,-65.0889,-63.9447
95.5,-63.857,-65.0166,-63.8574
95.6,-63.7685,-64.9434,-63.7689
95.7,-63.6788,-64.8701,-63.6792
95.8,-63.5878,-64.7959,-63.5882
95.9,-63.4955,-64.7207,-63.4959
96,-63.4019,-64.6445,-63.4023
96.1,-63.3069,-64.5674,-63.3073
96.2,-63.2104,-64.4883,-63.2108
96.3,-63.1124,-64.4082,-63.1129
96.4,-63.0129,-64.3271,-63.0133
96.5,-62.9117,-64.2451,-62.9121
96.6,-62.8088,-64.1621,-62.8093
96.7,-62.7042,-64.0771,-62.7046
96.8,-62.5977,-63.9912,-62.5982
96.9,-62.4893,-63.9043,-62.4898
97,-62.3789,-63.8154,-62.3794
97.1,-62.2664,-63.7256,-62.2669
97.2,-62.1517,-63.6338,-62.1522
97.3,-62.0348,-63.54,-62.0353
97.4,-61.9154,-63.4453,-61.916
97.5,-61.7936,-63.3486,-61.7942
97.6,-61.6692,-63.25,-61.6698
97.7,-61.542,-63.1494,-61.5426
97.8,-61.4119,-63.0469,-61.4125
97.9,-61.2789,-62.9424,-61.2795
98,-61.1426,-62.8359,-61.1432
98.1,-61.003,-62.7266,-61.0036
98.2,-60.8599,-62.6152,-60.8605
98.3,-60.713,-62.502,-60.7137
98.4,-60.5622,-62.3857,-60.5629
98.5,-60.4073,-62.2666,-60.408
98.6,-60.248,-62.1445,-60.2487
98.7,-60.084,-62.0195,-60.0848
98.8,-59.9151,-61.8916,-59.9159
98.9,-59.741,-61.7607,-59.7418
99,-59.5612,-61.626,-59.5621
99.1,-59.3756,-61.4873,-59.3765
99.2,-59.1836,-61.3447,-59.1845
99.3,-58.9849,-61.1982,-58.9858
99.4,-58.7789,-61.0479,-58.7798
99.5,-58.5651,-60.8926,-58.5661
99.6,-58.343,-60.7324,-58.3441
99.7,-58.112,-60.5674,-58.1131
99.8,-57.8713,-60.3965,-57.8724
99.9,-57.6202,-60.2197,-57.6214
100,-57.3578,-60.0371,-57.359
100.1,-57.0831,-59.8477,-57.0844
100.2,-56.7952,-59.6514,-56.7965
100.3,-56.4927,-59.4473,-56.4941
100.4,-56.1744,-59.2344,-56.1759
100.5,-55.8387,-59.0127,-55.8403
100.6,-55.484,-58.7822,-55.4857
100.7,-55.1082,-58.541,-55.11
100.8,-54.7091,-58.2891,-54.711
100.9,-54.2842,-58.0254,-54.2863
101,-53.8305,-57.748,-53.8327
101.1,-53.3447,-57.457,-53.347
101.2,-52.8226,-57.1504,-52.8252
101.3,-52.2598,-56.8262,-52.2625
101.4,-51.6506,-56.4834,-51.6535
101.5,-50.9885,-56.1201,-50.9917
101.6,-50.2658,-55.7344,-50.2693
101.7,-49.473,-55.3232,-49.4769
101.8,-48.5988,-54.8838,-48.6031
101.9,-47.6291,-54.4131,-47.6339
102,-46.5464,-53.9072,-46.5518
102.1,-45.329,-53.3613,-45.3351
102.2,-43.9491,-52.7705,-43.956
102.3,-42.3709,-52.1289,-42.3788
102.4,-40.5474,-51.4287,-40.5566
102.5,-38.4159,-50.6611,-38.4267
102.6,-35.8909,-49.8154,-35.9038
102.7,-32.853,-48.8789,-32.8687
102.8,-29.1308,-47.835,-29.1502
102.9,-24.4696,-46.6631,-24.4943
103,-18.4768,-45.3379,-18.5089
103.1,-10.5167,-43.8262,-10.5602
103.2,0.500396,-42.0859,0.43872
103.3,16.5843,-40.0596,16.4915
103.4,41.8088,-37.6719,41.6571
103.5,-65.5693,-34.8164,-65.5693
103.6,-66.1223,-31.3438,-66.1223
103.7,-66.657,-27.0361,-66.657
103.8,-67.1715,-21.5615,-67.1714
103.9,-67.6642,-14.3955,-67.6642
104,-68.1339,-4.66309,-68.1339
104.1,-68.5798,9.19336,-68.5797
104.2,-69.0011,30.1943,-69.0011
104.3,-69.3976,-65.6387,-69.3976
104.4,-69.7692,-66.2676,-69.7692
104.5,-70.1161,-66.8848,-70.1161
104.6,-70.4387,-67.4863,-70.4386
104.7,-70.7375,-68.0703,-70.7375
104.8,-71.0134,-68.6338,-71.0134
104.9,-71.2671,-69.1758,-71.267
105,-71.4996,-69.6934,-71.4995
105.1,-71.7118,-70.1865,-71.7118
105.2,-71.905,-70.6543,-71.9049
105.3,-72.08,-71.0947,-72.08
105.4,-72.2381,-71.5088,-72.2381
105.5,-72.3803,-71.8965,-72.3803
105.6,-72.5076,-72.2578,-72.5076
105.7,-72.6212,-72.5938,-72.6211
105.8,-72.7219,-72.9043,-72.7219
105.9,-72.8107,-73.1904,-72.8107
106,-72.8886,-73.4541,-72.8886
106.1,-72.9564,-73.6953,-72.9563
106.2,-73.0148,-73.916,-73.0148
106.3,-73.0647,-74.1162,-73.0647
106.4,-73.1067,-74.2979,-73.1067
106.5,-73.1415,-74.4619,-73.1415
106.6,-73.1697,-74.6094,-73.1697
106.7,-73.1919,-74.7422,-73.1919
106.8,-73.2085,-74.8604,-73.2085
106.9,-73.2201,-74.9658,-73.2201
107,-73.2271,-75.0596,-73.2271
107.1,-73.2299,-75.1416,-73.2299
107.2,-73.2288,-75.2139,-73.2288
107.3,-73.2242,-75.2764,-73.2242
107.4,-73.2165,-75.3301,-73.2165
107.5,-73.2058,-75.377,-73.2058
107.6,-73.1924,-75.416,-73.1924
107.7,-73.1766,-75.4482,-73.1766
107.8,-73.1586,-75.4746,-73.1586
107.9,-73.1386,-75.4961,-73.1386
108,-73.1168,-75.5127,-73.1168
108.1,-73.0932,-75.5244,-73.0933
108.2,-73.0682,-75.5322,-73.0682
108.3,-73.0417,-75.5361,-73.0417
108.4,-73.014,-75.5371,-73.014
108.5,-72.9851,-75.5352,-72.9851
108.6,-72.9551,-75.5303,-72.9551
108.7,-72.9241,-75.5225,-72.9242
108.8,-72.8923,-75.5127,-72.8923
108.9,-72.8596,-75.501,-72.8596
109,-72.8262,-75.4873,-72.8262
109.1,-72.7921,-75.4717,-72.7921
109.2,-72.7573,-75.4541,-72.7573
109.3,-72.722,-75.4355,-72.722
109.4,-72.6861,-75.416,-72.6861
109.5,-72.6497,-75.3945,-72.6498
109.6,-72.6129,-75.3721,-72.613
109.7,-72.5757,-75.3486,-72.5757
109.8,-72.538,-75.3242,-72.5381
109.9,-72.5,-75.2998,-72.5001
110,-72.4617,-75.2744,-72.4618
110.1,-72.4231,-75.248,-72.4231
110.2,-72.3841,-75.2217,-72.3842
110.3,-72.3449,-75.1943,-72.345
110.4,-72.3055,-75.166,-72.3055
110.5,-72.2658,-75.1377,-72.2658
110.6,-72.2258,-75.1094,-72.2259
110.7,-72.1857,-75.0801,-72.1858
110.8,-72.1454,-75.0508,-72.1454
110.9,-72.1049,-75.0215,-72.1049
111,-72.0641,-74.9912,-72.0642
111.1,-72.0233,-74.9609,-72.0233
111.2,-71.9822,-74.9307,-71.9823
111.3,-71.9411,-74.8994,-71.9411
111.4,-71.8997,-74.8682,-71.8998
111.5,-71.8582,-74.8369,-71.8583
111.6,-71.8166,-74.8057,-71.8167
111.7,-71.7749,-74.7744,-71.7749
111.8,-71.733,-74.7432,-71.733
111.9,-71.691,-74.7109,-71.691
112,-71.6488,-74.6787,-71.6489
112.1,-71.6066,-74.6465,-71.6067
112.2,-71.5642,-74.6143,-71.5643
112.3,-71.5218,-74.582,-71.5218
112.4,-71.4792,-74.5498,-71.4792
112.5,-71.4365,-74.5176,-71.4366
112.6,-71.3937,-74.4854,-71.3937
112.7,-71.3508,-74.4531,-71.3508
112.8,-71.3077,-74.4209,-71.3078
112.9,-71.2646,-74.3887,-71.2647
113,-71.2214,-74.3555,-71.2215
113.1,-71.178,-74.3223,-71.1781
113.2,-71.1346,-74.2891,-71.1347
113.3,-71.091,-74.2559,-71.0911
113.4,-71.0474,-74.2227,-71.0475
113.5,-71.0036,-74.1895,-71.0037
113.6,-70.9598,-74.1562,-70.9599
113.7,-70.9158,-74.123,-70.9159
113.8,-70.8718,-74.0898,-70.8718
113.9,-70.8276,-74.0566,-70.8277
114,-70.7833,-74.0234,-70.7834
114.1,-70.7389,-73.9902,-70.739
114.2,-70.6944,-73.957,-70.6945
114.3,-70.6498,-73.9238,-70.6499
114.4,-70.6051,-73.8906,-70.6052
114.5,-70.5603,-73.8574,-70.5604
114.6,-70.5153,-73.8242,-70.5154
114.7,-70.4703,-73.791,-70.4704
114.8,-70.4251,-73.7578,-70.4252
114.9,-70.3798,-73.7236,-70.3799
115,-70.3344,-73.6895,-70.3345
115.1,-70.2889,-73.6553,-70.289
115.2,-70.2433,-73.6221,-70.2434
115.3,-70.1975,-73.5879,-70.1976
115.4,-70.1517,-73.5537,-70.1518
115.5,-70.1057,-73.5205,-70.1058
115.6,-70.0596,-73.4863,-70.0597
115.7,-70.0133,-73.4521,-70.0134
115.8,-69.9669,-73.418,-69.967
115.9,-69.9204,-73.3838,-69.9205
116,-69.8738,-73.3496,-69.8739
116.1,-69.827,-73.3154,-69.8271
116.2,-69.7801,-73.2812,-69.7802
116.3,-69.733,-73.2471,-69.7331
116.4,-69.6859,-73.2129,-69.686
116.5,-69.6385,-73.1787,-69.6386
116.6,-69.591,-73.1445,-69.5912
116.7,-69.5434,-73.1104,-69.5435
116.8,-69.4957,-73.0762,-69.4958
116.9,-69.4477,-73.042,-69.4478
117,-69.3997,-73.0078,-69.3998
117.1,-69.3514,-72.9736,-69.3516
117.2,-69.303,-72.9395,-69.3032
117.3,-69.2545,-72.9053,-69.2546
117.4,-69.2058,-72.8711,-69.2059
117.5,-69.1569,-72.8369,-69.157
117.6,-69.1079,-72.8027,-69.108
117.7,-69.0587,-72.7676,-69.0588
117.8,-69.0093,-72.7324,-69.0094
117.9,-68.9597,-72.6973,-68.9599
118,-68.91,-72.6621,-68.9101
118.1,-68.8601,-72.627,-68.8602
118.2,-68.81,-72.5918,-68.8101
118.3,-68.7597,-72.5566,-68.7598
118.4,-68.7092,-72.5215,-68.7093
118.5,-68.6585,-72.4863,-68.6586
118.6,-68.6076,-72.4512,-68.6077
118.7,-68.5565,-72.416,-68.5567
118.8,-68.5052,-72.3809,-68.5054
118.9,-68.4537,-72.3457,-68.4539
119,-68.402,-72.3105,-68.4022
119.1,-68.3501,-72.2754,-68.3503
119.2,-68.298,-72.2402,-68.2981
119.3,-68.2456,-72.2051,-68.2457
119.4,-68.193,-72.1699,-68.1931
119.5,-68.1402,-72.1348,-68.1403
119.6,-68.0871,-72.0996,-68.0873
119.7,-68.0338,-72.0635,-68.034
119.8,-67.9802,-72.0273,-67.9804
119.9,-67.9264,-71.9912,-67.9266
120,-67.8724,-71.9551,-67.8726
120.1,-67.8181,-71.9189,-67.8182
120.2,-67.7635,-71.8828,-67.7637
120.3,-67.7086,-71.8467,-67.7088
120.4,-67.6535,-71.8105,-67.6537
120.5,-67.5981,-71.7744,-67.5983
120.6,-67.5424,-71.7383,-67.5426
120.7,-67.4864,-71.7021,-67.4866
120.8,-67.4302,-71.666,-67.4303
120.9,-67.3736,-71.6299,-67.3737
121,-67.3167,-71.5938,-67.3169
121.1,-67.2595,-71.5576,-67.2597
121.2,-67.2019,-71.5215,-67.2021
121.3,-67.1441,-71.4844,-67.1443
121.4,-67.0859,-71.4473,-67.0861
121.5,-67.0273,-71.4102,-67.0275
121.6,-66.9684,-71.373,-66.9686
121.7,-66.9092,-71.3359,-66.9094
121.8,-66.8496,-71.2988,-66.8498
121.9,-66.7896,-71.2617,-66.7898
122,-66.7292,-71.2246,-66.7294
122.1,-66.6685,-71.1875,-66.6687
122.2,-66.6073,-71.1504,-66.6075
122.3,-66.5457,-71.1133,-66.5459
122.4,-66.4837,-71.0762,-66.4839
122.5,-66.4213,-71.0391,-66.4215
122.6,-66.3585,-71.002,-66.3587
122.7,-66.2952,-70.9639,-66.2954
122.8,-66.2314,-70.9258,-66.2316
122.9,-66.1672,-70.8877,-66.1674
123,-66.1025,-70.8496,-66.1027
123.1,-66.0373,-70.8115,-66.0375
123.2,-65.9715,-70.7734,-65.9718
123.3,-65.9053,-70.7354,-65.9055
123.4,-65.8386,-70.6973,-65.8388
123.5,-65.7713,-70.6592,-65.7715
123.6,-65.7034,-70.6211,-65.7036
123.7,-65.635,-70.583,-65.6352
123.8,-65.5659,-70.5439,-65.5662
123.9,-65.4963,-70.5049,-65.4965
124,-65.426,-70.4658,-65.4263
124.1,-65.3552,-70.4268,-65.3554
124.2,-65.2836,-70.3877,-65.2839
124.3,-65.2114,-70.3486,-65.2117
124.4,-65.1385,-70.3096,-65.1388
124.5,-65.0649,-70.2705,-65.0652
124.6,-64.9905,-70.2314,-64.9908
124.7,-64.9154,-70.1924,-64.9157
124.8,-64.8396,-70.1523,-64.8398
124.9,-64.7629,-70.1123,-64.7632
125,-64.6854,-70.0723,-64.6857
125.1,-64.607,-70.0322,-64.6073
125.2,-64.5278,-69.9922,-64.5281
125.3,-64.4477,-69.9521,-64.448
125.4,-64.3667,-69.9121,-64.367
125.5,-64.2847,-69.8721,-64.285
125.6,-64.2017,-69.832,-64.202
125.7,-64.1176,-69.791,-64.1179
125.8,-64.0325,-69.75,-64.0329
125.9,-63.9464,-69.709,-63.9467
126,-63.8591,-69.668,-63.8594
126.1,-63.7706,-69.627,-63.7709
126.2,-63.6809,-69.5859,-63.6812
126.3,-63.59,-69.5449,-63.5903
126.4,-63.4977,-69.5039,-63.4981
126.5,-63.4041,-69.4619,-63.4045
126.6,-63.3091,-69.4199,-63.3095
126.7,-63.2127,-69.3779,-63.2131
126.8,-63.1148,-69.3359,-63.1151
126.9,-63.0152,-69.2939,-63.0156
127,-62.9141,-69.251,-62.9145
127.1,-62.8113,-69.208,-62.8117
127.2,-62.7067,-69.165,-62.7071
127.3,-62.6002,-69.1221,-62.6006
127.4,-62.4919,-69.0791,-62.4923
127.5,-62.3815,-69.0361,-62.3819
127.6,-62.2691,-68.9932,-62.2695
127.7,-62.1545,-68.9502,-62.1549
127.8,-62.0376,-68.9062,-62.038
127.9,-61.9183,-68.8623,-61.9188
128,-61.7965,-68.8184,-61.797
128.1,-61.6722,-68.7744,-61.6726
128.2,-61.545,-68.7305,-61.5455
128.3,-61.4151,-68.6855,-61.4156
128.4,-61.282,-68.6406,-61.2826
128.5,-61.1459,-68.5957,-61.1464
128.6,-61.0063,-68.5508,-61.0069
128.7,-60.8633,-68.5049,-60.8638
128.8,-60.7165,-68.459,-60.7171
128.9,-60.5658,-68.4131,-60.5664
129,-60.411,-68.3672,-60.4116
129.1,-60.2518,-68.3213,-60.2524
129.2,-60.088,-68.2754,-60.0886
129.3,-59.9192,-68.2285,-59.9198
129.4,-59.7452,-68.1816,-59.7458
129.5,-59.5656,-68.1348,-59.5663
129.6,-59.3801,-68.0879,-59.3808
129.7,-59.1882,-68.04,-59.189
129.8,-58.9897,-67.9922,-58.9904
129.9,-58.7838,-67.9443,-58.7847
130,-58.5703,-67.8965,-58.5711
130.1,-58.3484,-67.8477,-58.3493
130.2,-58.1176,-67.7988,-58.1185
130.3,-57.8771,-67.75,-57.8781
130.4,-57.6263,-67.7002,-57.6273
130.5,-57.3641,-67.6504,-57.3652
130.6,-57.0898,-67.6006,-57.0909
130.7,-56.8022,-67.5508,-56.8033
130.8,-56.5001,-67.5,-56.5013
130.9,-56.1821,-67.4492,-56.1834
131,-55.8469,-67.3984,-55.8482
131.1,-55.4926,-67.3467,-55.494
131.2,-55.1174,-67.2949,-55.1188
131.3,-54.7189,-67.2432,-54.7205
131.4,-54.2946,-67.1904,-54.2963
131.5,-53.8417,-67.1377,-53.8435
131.6,-53.3566,-67.085,-53.3586
131.7,-52.8355,-67.0312,-52.8376
131.8,-52.2737,-66.9775,-52.2759
131.9,-51.6656,-66.9238,-51.6681
132,-51.0049,-66.8691,-51.0076
132.1,-50.2837,-66.8145,-50.2867
132.2,-49.4928,-66.7588,-49.496
132.3,-48.6206,-66.7031,-48.6242
132.4,-47.6533,-66.6465,-47.6573
132.5,-46.5736,-66.5898,-46.578
132.6,-45.3597,-66.5322,-45.3647
132.7,-43.9841,-66.4746,-43.9897
132.8,-42.411,-66.417,-42.4176
132.9,-40.594,-66.3584,-40.6016
133,-38.4707,-66.2998,-38.4796
133.1,-35.9562,-66.2402,-35.9669
133.2,-32.9323,-66.1807,-32.9452
133.3,-29.2289,-66.1201,-29.2449
133.4,-24.5939,-66.0586,-24.6142
133.5,-18.6388,-65.9971,-18.6652
133.6,-10.7356,-65.9346,-10.7714
133.7,0.190545,-65.8721,0.139935
133.8,16.1187,-65.8086,16.0427
133.9,41.0494,-65.7441,40.9254
134,-65.5692,-65.6797,-65.5692
134.1,-66.1222,-65.6143,-66.1222
134.2,-66.6569,-65.5479,-66.6568
134.3,-67.1713,-65.4805,-67.1713
134.4,-67.664,-65.4131,-67.664
134.5,-68.1337,-65.3447,-68.1337
134.6,-68.5795,-65.2754,-68.5795
134.7,-69.0008,-65.2051,-69.0008
134.8,-69.3973,-65.1348,-69.3973
134.9,-69.7689,-65.0635,-69.7688
135,-70.1158,-64.9912,-70.1157
135.1,-70.4383,-64.918,-70.4383
135.2,-70.7372,-64.8438,-70.7371
135.3,-71.013,-64.7686,-71.013
135.4,-71.2667,-64.6924,-71.2666
135.5,-71.4991,-64.6152,-71.4991
135.6,-71.7114,-64.5371,-71.7114
135.7,-71.9045,-64.458,-71.9045
135.8,-72.0796,-64.3779,-72.0796
135.9,-72.2377,-64.2969,-72.2376
136,-72.3799,-64.2139,-72.3798
136.1,-72.5072,-64.1299,-72.5072
136.2,-72.6207,-64.0449,-72.6207
136.3,-72.7214,-63.958,-72.7214
136.4,-72.8103,-63.8701,-72.8103
136.5,-72.8882,-63.7812,-72.8881
136.6,-72.9559,-63.6904,-72.9559
136.7,-73.0144,-63.5977,-73.0143
136.8,-73.0642,-63.5039,-73.0642
136.9,-73.1063,-63.4082,-73.1063
137,-73.1411,-63.3105,-73.1411
137.1,-73.1693,-63.2109,-73.1693
137.2,-73.1915,-63.1094,-73.1915
137.3,-73.2081,-63.0059,-73.2081
137.4,-73.2197,-62.9004,-73.2197
137.5,-73.2267,-62.793,-73.2267
137.6,-73.2294,-62.6836,-73.2294
137.7,-73.2284,-62.5713,-73.2284
137.8,-73.2238,-62.457,-73.2238
137.9,-73.216,-62.3398,-73.216
138,-73.2053,-62.2197,-73.2053
138.1,-73.192,-62.0967,-73.192
138.2,-73.1762,-61.9707,-73.1762
138.3,-73.1582,-61.8418,-73.1582
138.4,-73.1382,-61.709,-73.1382
138.5,-73.1163,-61.5732,-73.1164
138.6,-73.0928,-61.4336,-73.0928
138.7,-73.0677,-61.29,-73.0678
138.8,-73.0413,-61.1426,-73.0413
138.9,-73.0135,-60.9902,-73.0136
139,-72.9846,-60.833,-72.9847
139.1,-72.9546,-60.6709,-72.9547
139.2,-72.9237,-60.5039,-72.9237
139.3,-72.8918,-60.3311,-72.8919
139.4,-72.8592,-60.1523,-72.8592
139.5,-72.8257,-59.9668,-72.8258
139.6,-72.7916,-59.7744,-72.7917
139.7,-72.7569,-59.5752,-72.7569
139.8,-72.7215,-59.3682,-72.7216
139.9,-72.6857,-59.1523,-72.6857
140,-72.6493,-58.9277,-72.6494
140.1,-72.6125,-58.6934,-72.6125
140.2,-72.5752,-58.4482,-72.5753
140.3,-72.5376,-58.1914,-72.5377
140.4,-72.4996,-57.9229,-72.4997
140.5,-72.4613,-57.6406,-72.4613
140.6,-72.4226,-57.3438,-72.4227
140.7,-72.3837,-57.0303,-72.3838
140.8,-72.3445,-56.6992,-72.3446
140.9,-72.305,-56.3486,-72.3051
141,-72.2653,-55.9766,-72.2654
141.1,-72.2254,-55.5811,-72.2255
141.2,-72.1852,-55.1592,-72.1853
141.3,-72.1449,-54.708,-72.145
141.4,-72.1044,-54.2246,-72.1045
141.5,-72.0637,-53.7041,-72.0638
141.6,-72.0228,-53.1426,-72.0229
141.7,-71.9818,-52.5332,-71.9819
141.8,-71.9406,-51.8701,-71.9407
141.9,-71.8993,-51.1455,-71.8993
142,-71.8578,-50.3496,-71.8579
142.1,-71.8162,-49.4707,-71.8162
142.2,-71.7744,-48.4951,-71.7745
142.3,-71.7325,-47.4043,-71.7326
142.4,-71.6905,-46.1768,-71.6906
142.5,-71.6484,-44.7842,-71.6485
142.6,-71.6062,-43.1904,-71.6062
142.7,-71.5638,-41.3486,-71.5639
142.8,-71.5213,-39.1943,-71.5214
142.9,-71.4787,-36.6416,-71.4788
143,-71.436,-33.5713,-71.4361
143.1,-71.3932,-29.8096,-71.3933
143.2,-71.3503,-25.1025,-71.3504
143.3,-71.3073,-19.0566,-71.3074
143.4,-71.2642,-11.0391,-71.2643
143.5,-71.2209,0.0322266,-71.221
143.6,-71.1776,16.1426,-71.1777
143.7,-71.1341,41.29,-71.1342
143.8,-71.0906,-65.6387,-71.0907
143.9,-71.0469,-66.2686,-71.047
144,-71.0032,-66.8857,-71.0033
144.1,-70.9593,-67.4873,-70.9594
144.2,-70.9154,-68.0713,-70.9155
144.3,-70.8713,-68.6357,-70.8714
144.4,-70.8271,-69.1777,-70.8272
144.5,-70.7828,-69.6963,-70.7829
144.6,-70.7384,-70.1895,-70.7386
144.7,-70.6939,-70.6572,-70.6941
144.8,-70.6493,-71.0986,-70.6495
144.9,-70.6046,-71.5137,-70.6047
145,-70.5598,-71.9014,-70.5599
145.1,-70.5149,-72.2627,-70.515
145.2,-70.4698,-72.5986,-70.4699
145.3,-70.4246,-72.9092,-70.4248
145.4,-70.3794,-73.1963,-70.3795
145.5,-70.334,-73.46,-70.3341
145.6,-70.2884,-73.7012,-70.2886
145.7,-70.2428,-73.9219,-70.2429
145.8,-70.1971,-74.1221,-70.1972
145.9,-70.1512,-74.3037,-70.1513
146,-70.1052,-74.4678,-70.1053
146.1,-70.0591,-74.6152,-70.0592
146.2,-70.0128,-74.748,-70.0129
146.3,-69.9664,-74.8662,-69.9666
146.4,-69.9199,-74.9717,-69.9201
146.5,-69.8733,-75.0654,-69.8734
146.6,-69.8265,-75.1475,-69.8266
146.7,-69.7796,-75.2197,-69.7797
146.8,-69.7325,-75.2822,-69.7327
146.9,-69.6854,-75.3359,-69.6855
147,-69.638,-75.3828,-69.6382
147.1,-69.5905,-75.4219,-69.5907
147.2,-69.5429,-75.4551,-69.5431
147.3,-69.4951,-75.4814,-69.4953
147.4,-69.4472,-75.5029,-69.4474
147.5,-69.3992,-75.5195,-69.3993
147.6,-69.3509,-75.5312,-69.3511
147.7,-69.3025,-75.5391,-69.3027
147.8,-69.254,-75.543,-69.2541
147.9,-69.2053,-75.5439,-69.2054
148,-69.1564,-75.542,-69.1566
148.1,-69.1074,-75.5371,-69.1075
148.2,-69.0582,-75.5293,-69.0583
148.3,-69.0088,-75.5195,-69.0089
148.4,-68.9592,-75.5078,-68.9594
148.5,-68.9095,-75.4941,-68.9096
148.6,-68.8595,-75.4785,-68.8597
148.7,-68.8094,-75.4609,-68.8096
148.8,-68.7591,-75.4424,-68.7593
148.9,-68.7086,-75.4219,-68.7088
149,-68.6579,-75.4004,-68.6581
149.1,-68.6071,-75.3779,-68.6072
149.2,-68.556,-75.3545,-68.5561
149.3,-68.5047,-75.3311,-68.5049
149.4,-68.4532,-75.3066,-68.4534
149.5,-68.4015,-75.2812,-68.4017
149.6,-68.3495,-75.2549,-68.3497
149.7,-68.2974,-75.2285,-68.2976
149.8,-68.245,-75.2012,-68.2452
149.9,-68.1924,-75.1729,-68.1926
150,-68.1396,-75.1445,-68.1398
150.1,-68.0865,-75.1152,-68.0867
150.2,-68.0332,-75.0859,-68.0334
150.3,-67.9797,-75.0566,-67.9799
150.4,-67.9259,-75.0273,-67.9261
150.5,-67.8718,-74.9971,-67.872
150.6,-67.8175,-74.9668,-67.8177
150.7,-67.7629,-74.9365,-67.7631
150.8,-67.7081,-74.9062,-67.7083
150.9,-67.6529,-74.875,-67.6531
151,-67.5975,-74.8438,-67.5977
151.1,-67.5418,-74.8125,-67.542
151.2,-67.4859,-74.7812,-67.486
151.3,-67.4296,-74.75,-67.4298
151.4,-67.373,-74.7178,-67.3732
151.5,-67.3161,-74.6855,-67.3163
151.6,-67.2589,-74.6533,-67.2591
151.7,-67.2013,-74.6211,-67.2015
151.8,-67.1435,-74.5889,-67.1437
151.9,-67.0853,-74.5566,-67.0855
152,-67.0267,-74.5244,-67.0269
152.1,-66.9678,-74.4922,-66.9681
152.2,-66.9086,-74.46,-66.9088
152.3,-66.849,-74.4277,-66.8492
152.4,-66.789,-74.3955,-66.7892
152.5,-66.7286,-74.3623,-66.7288
152.6,-66.6678,-74.3291,-66.6681
152.7,-66.6067,-74.2959,-66.6069
152.8,-66.5451,-74.2627,-66.5453
152.9,-66.4831,-74.2295,-66.4833
153,-66.4207,-74.1963,-66.4209
153.1,-66.3578,-74.1631,-66.3581
153.2,-66.2945,-74.1299,-66.2948
153.3,-66.2307,-74.0967,-66.231
153.4,-66.1665,-74.0635,-66.1668
153.5,-66.1018,-74.0303,-66.102
153.6,-66.0366,-73.9971,-66.0368
153.7,-65.9709,-73.9639,-65.9711
153.8,-65.9046,-73.9307,-65.9049
153.9,-65.8379,-73.8975,-65.8381
154,-65.7705,-73.8643,-65.7708
154.1,-65.7027,-73.8311,-65.7029
154.2,-65.6342,-73.7979,-65.6345
154.3,-65.5652,-73.7646,-65.5655
154.4,-65.4956,-73.7314,-65.4958
154.5,-65.4253,-73.6973,-65.4256
154.6,-65.3544,-73.6631,-65.3547
154.7,-65.2829,-73.6289,-65.2832
154.8,-65.2107,-73.5957,-65.2109
154.9,-65.1377,-73.5615,-65.138
155,-65.0641,-73.5283,-65.0644
155.1,-64.9898,-73.4941,-64.9901
155.2,-64.9147,-73.46,-64.915
155.3,-64.8388,-73.4258,-64.8391
155.4,-64.7621,-73.3916,-64.7624
155.5,-64.6846,-73.3574,-64.6849
155.6,-64.6062,-73.3232,-64.6066
155.7,-64.527,-73.2891,-64.5273
155.8,-64.4469,-73.2549,-64.4472
155.9,-64.3658,-73.2207,-64.3661
156,-64.2838,-73.1865,-64.2841
156.1,-64.2008,-73.1523,-64.2011
156.2,-64.1168,-73.1182,-64.1171
156.3,-64.0317,-73.084,-64.032
156.4,-63.9455,-73.0498,-63.9458
156.5,-63.8582,-73.0156,-63.8585
156.6,-63.7697,-72.9814,-63.77
156.7,-63.68,-72.9473,-63.6804
156.8,-63.589,-72.9131,-63.5894
156.9,-63.4968,-72.8789,-63.4972
157,-63.4032,-72.8447,-63.4036
157.1,-63.3082,-72.8105,-63.3086
157.2,-63.2117,-72.7754,-63.2121
157.3,-63.1137,-72.7402,-63.1142
157.4,-63.0142,-72.7051,-63.0146
157.5,-62.913,-72.6699,-62.9135
157.6,-62.8102,-72.6348,-62.8106
157.7,-62.7056,-72.5996,-62.706
157.8,-62.5991,-72.5645,-62.5996
157.9,-62.4907,-72.5293,-62.4912
158,-62.3804,-72.4941,-62.3808
158.1,-62.2679,-72.459,-62.2684
158.2,-62.1533,-72.4238,-62.1538
158.3,-62.0364,-72.3887,-62.0369
158.4,-61.9171,-72.3535,-61.9176
158.5,-61.7953,-72.3184,-61.7958
158.6,-61.6709,-72.2832,-61.6714
158.7,-61.5437,-72.248,-61.5443
158.8,-61.4137,-72.2129,-61.4143
158.9,-61.2806,-72.1777,-61.2812
159,-61.1444,-72.1426,-61.145
159.1,-61.0049,-72.1074,-61.0055
159.2,-60.8618,-72.0713,-60.8624
159.3,-60.715,-72.0352,-60.7156
159.4,-60.5643,-71.999,-60.5649
159.5,-60.4094,-71.9629,-60.4101
159.6,-60.2501,-71.9268,-60.2508
159.7,-60.0862,-71.8906,-60.087
159.8,-59.9174,-71.8545,-59.9182
159.9,-59.7433,-71.8184,-59.7441
160,-59.5637,-71.7822,-59.5645
160.1,-59.3781,-71.7461,-59.3789
160.2,-59.1862,-71.71,-59.1871
160.3,-58.9875,-71.6738,-58.9884
160.4,-58.7817,-71.6377,-58.7826
160.5,-58.568,-71.6016,-58.569
160.6,-58.346,-71.5654,-58.3471
160.7,-58.1151,-71.5293,-58.1162
160.8,-57.8746,-71.4932,-57.8757
160.9,-57.6236,-71.4561,-57.6247
161,-57.3613,-71.4189,-57.3625
161.1,-57.0868,-71.3818,-57.0881
161.2,-56.7991,-71.3447,-56.8004
161.3,-56.4968,-71.3076,-56.4982
161.4,-56.1787,-71.2705,-56.1802
161.5,-55.8433,-71.2334,-55.8448
161.6,-55.4888,-71.1963,-55.4904
161.7,-55.1133,-71.1592,-55.115
161.8,-54.7146,-71.1221,-54.7164
161.9,-54.29,-71.085,-54.292
162,-53.8368,-71.0479,-53.8389
162.1,-53.3514,-71.0107,-53.3536
162.2,-52.8298,-70.9727,-52.8323
162.3,-52.2675,-70.9346,-52.2702
162.4,-51.659,-70.8965,-51.6618
162.5,-50.9977,-70.8584,-51.0008
162.6,-50.2758,-70.8203,-50.2792
162.7,-49.4841,-70.7822,-49.4878
162.8,-48.611,-70.7441,-48.6151
162.9,-47.6427,-70.7061,-47.6472
163,-46.5617,-70.668,-46.5668
163.1,-45.3462,-70.6299,-45.352
163.2,-43.9687,-70.5918,-43.9753
163.3,-42.3934,-70.5527,-42.401
163.4,-40.5735,-70.5137,-40.5823
163.5,-38.4466,-70.4746,-38.4569
163.6,-35.9275,-70.4355,-35.9399
163.7,-32.8974,-70.3965,-32.9124
163.8,-29.1857,-70.3574,-29.2043
163.9,-24.5393,-70.3184,-24.5628
164,-18.5676,-70.2793,-18.5983
164.1,-10.6394,-70.2402,-10.681
164.2,0.326648,-70.2012,0.267818
164.3,16.3232,-70.1611,16.2347
164.4,41.3826,-70.1211,41.2383
164.5,-65.5692,-70.0811,-65.5692
164.6,-66.1223,-70.041,-66.1222
164.7,-66.6569,-70.001,-66.6569
164.8,-67.1714,-69.9609,-67.1713
164.9,-67.6641,-69.9209,-67.664
165,-68.1338,-69.8809,-68.1338
165.1,-68.5796,-69.8408,-68.5796
165.2,-69.0009,-69.8008,-69.0009
165.3,-69.3974,-69.7598,-69.3974
165.4,-69.769,-69.7188,-69.769
165.5,-70.1159,-69.6777,-70.1159
165.6,-70.4385,-69.6367,-70.4384
165.7,-70.7373,-69.5957,-70.7373
165.8,-71.0132,-69.5547,-71.0131
165.9,-71.2669,-69.5137,-71.2668
166,-71.4993,-69.4717,-71.4993
166.1,-71.7116,-69.4297,-71.7115
166.2,-71.9047,-69.3877,-71.9047
166.3,-72.0798,-69.3457,-72.0797
166.4,-72.2379,-69.3037,-72.2378
166.5,-72.38,-69.2607,-72.38
166.6,-72.5074,-69.2178,-72.5073
166.7,-72.6209,-69.1748,-72.6209
166.8,-72.7216,-69.1318,-72.7216
166.9,-72.8105,-69.0889,-72.8104
167,-72.8884,-69.0459,-72.8883
167.1,-72.9561,-69.0029,-72.9561
167.2,-73.0145,-68.96,-73.0145
167.3,-73.0644,-68.916,-73.0644
167.4,-73.1065,-68.8721,-73.1064
167.5,-73.1413,-68.8281,-73.1413
167.6,-73.1695,-68.7842,-73.1695
167.7,-73.1916,-68.7402,-73.1916
167.8,-73.2083,-68.6953,-73.2083
167.9,-73.2199,-68.6504,-73.2199
168,-73.2269,-68.6055,-73.2269
168.1,-73.2296,-68.5605,-73.2296
168.2,-73.2285,-68.5156,-73.2286
168.3,-73.224,-68.4697,-73.224
168.4,-73.2162,-68.4238,-73.2162
168.5,-73.2055,-68.3779,-73.2055
168.6,-73.1921,-68.332,-73.1922
168.7,-73.1764,-68.2861,-73.1764
168.8,-73.1584,-68.2393,-73.1584
168.9,-73.1384,-68.1924,-73.1384
169,-73.1165,-68.1455,-73.1165
169.1,-73.093,-68.0986,-73.093
169.2,-73.0679,-68.0508,-73.0679
169.3,-73.0415,-68.0029,-73.0415
169.4,-73.0137,-67.9551,-73.0137
169.5,-72.9848,-67.9072,-72.9848
169.6,-72.9548,-67.8584,-72.9549
169.7,-72.9239,-67.8096,-72.9239
169.8,-72.892,-67.7607,-72.8921
169.9,-72.8594,-67.7109,-72.8594
170,-72.8259,-67.6611,-72.826
170.1,-72.7918,-67.6113,-72.7918
170.2,-72.7571,-67.5615,-72.7571
170.3,-72.7217,-67.5107,-72.7218
170.4,-72.6859,-67.46,-72.6859
170.5,-72.6495,-67.4092,-72.6495
170.6,-72.6127,-67.3584,-72.6127
170.7,-72.5754,-67.3066,-72.5755
170.8,-72.5378,-67.2549,-72.5378
170.9,-72.4998,-67.2031,-72.4998
171,-72.4615,-67.1504,-72.4615
171.1,-72.4228,-67.0977,-72.4229
171.2,-72.3839,-67.0439,-72.3839
171.3,-72.3447,-66.9902,-72.3447
171.4,-72.3052,-66.9365,-72.3053
171.5,-72.2655,-66.8818,-72.2656
171.6,-72.2256,-66.8271,-72.2256
171.7,-72.1854,-66.7715,-72.1855
171.8,-72.1451,-66.7158,-72.1452
171.9,-72.1046,-66.6592,-72.1047
172,-72.0639,-66.6025,-72.0639
172.1,-72.023,-66.5459,-72.0231
172.2,-71.982,-66.4883,-71.982
172.3,-71.9408,-66.4307,-71.9409
172.4,-71.8995,-66.3721,-71.8995
172.5,-71.858,-66.3135,-71.858
172.6,-71.8164,-66.2539,-71.8164
172.7,-71.7746,-66.1943,-71.7747
172.8,-71.7327,-66.1338,-71.7328
172.9,-71.6907,-66.0732,-71.6908
173,-71.6486,-66.0117,-71.6487
173.1,-71.6064,-65.9492,-71.6064
173.2,-71.564,-65.8867,-71.5641
173.3,-71.5215,-65.8232,-71.5216
173.4,-71.4789,-65.7598,-71.479
173.5,-71.4362,-65.6953,-71.4363
173.6,-71.3934,-65.6299,-71.3935
173.7,-71.3505,-65.5635,-71.3506
173.8,-71.3075,-65.4971,-71.3076
173.9,-71.2644,-65.4297,-71.2644
174,-71.2211,-65.3613,-71.2212
174.1,-71.1778,-65.292,-71.1779
174.2,-71.1343,-65.2227,-71.1344
174.3,-71.0908,-65.1523,-71.0909
174.4,-71.0471,-65.0811,-71.0472
174.5,-71.0034,-65.0088,-71.0035
174.6,-70.9595,-64.9355,-70.9596
174.7,-70.9156,-64.8613,-70.9157
174.8,-70.8715,-64.7871,-70.8716
174.9,-70.8273,-64.7119,-70.8274
175,-70.783,-64.6348,-70.7831
175.1,-70.7387,-64.5566,-70.7387
175.2,-70.6942,-64.4775,-70.6942
175.3,-70.6495,-64.3975,-70.6496
175.4,-70.6048,-64.3164,-70.6049
175.5,-70.56,-64.2344,-70.5601
175.6,-70.5151,-64.1504,-70.5152
175.7,-70.47,-64.0654,-70.4701
175.8,-70.4249,-63.9795,-70.4249
175.9,-70.3796,-63.8916,-70.3797
176,-70.3342,-63.8027,-70.3343
176.1,-70.2887,-63.7119,-70.2888
176.2,-70.243,-63.6201,-70.2431
176.3,-70.1973,-63.5264,-70.1974
176.4,-70.1514,-63.4316,-70.1515
176.5,-70.1054,-63.335,-70.1055
176.6,-70.0593,-63.2363,-70.0594
176.7,-70.013,-63.1357,-70.0131
176.8,-69.9666,-63.0332,-69.9668
176.9,-69.9201,-62.9287,-69.9202
177,-69.8735,-62.8223,-69.8736
177.1,-69.8267,-62.7129,-69.8268
177.2,-69.7798,-62.6016,-69.7799
177.3,-69.7328,-62.4873,-69.7329
177.4,-69.6856,-62.3711,-69.6857
177.5,-69.6382,-62.252,-69.6384
177.6,-69.5908,-62.1299,-69.5909
177.7,-69.5431,-62.0049,-69.5433
177.8,-69.4954,-61.877,-69.4955
177.9,-69.4474,-61.7451,-69.4476
178,-69.3994,-61.6104,-69.3995
178.1,-69.3512,-61.4717,-69.3513
178.2,-69.3028,-61.3291,-69.3029
178.3,-69.2542,-61.1826,-69.2543
178.4,-69.2055,-61.0312,-69.2056
178.5,-69.1566,-60.876,-69.1568
178.6,-69.1076,-60.7158,-69.1077
178.7,-69.0584,-60.5498,-69.0585
178.8,-69.009,-60.3789,-69.0091
178.9,-68.9594,-60.2021,-68.9596
179,-68.9097,-60.0186,-68.9098
179.1,-68.8598,-59.8281,-68.8599
179.2,-68.8097,-59.6309,-68.8098
179.3,-68.7594,-59.4258,-68.7595
179.4,-68.7089,-59.2129,-68.709
179.5,-68.6582,-58.9902,-68.6583
179.6,-68.6073,-58.7588,-68.6074
179.7,-68.5562,-58.5166,-68.5564
179.8,-68.5049,-58.2637,-68.5051
179.9,-68.4534,-57.998,-68.4536
180,-68.4017,-57.7197,-68.4019
180.1,-68.3498,-57.4268,-68.3499
180.2,-68.2976,-57.1182,-68.2978
180.3,-68.2453,-56.792,-68.2454
180.4,-68.1927,-56.4473,-68.1928
180.5,-68.1399,-56.082,-68.14
180.6,-68.0868,-55.6934,-68.0869
180.7,-68.0335,-55.2793,-68.0336
180.8,-67.9799,-54.8369,-67.9801
180.9,-67.9261,-54.3623,-67.9263
181,-67.8721,-53.8525,-67.8722
181.1,-67.8177,-53.3027,-67.8179
181.2,-67.7632,-52.707,-67.7633
181.3,-67.7083,-52.0596,-67.7085
181.4,-67.6532,-51.3535,-67.6534
181.5,-67.5978,-50.5791,-67.598
181.6,-67.5421,-49.7246,-67.5423
181.7,-67.4861,-48.7773,-67.4863
181.8,-67.4298,-47.7207,-67.43
181.9,-67.3732,-46.5342,-67.3734
182,-67.3163,-45.1914,-67.3165
182.1,-67.2591,-43.6582,-67.2593
182.2,-67.2016,-41.8906,-67.2018
182.3,-67.1437,-39.8311,-67.1439
182.4,-67.0855,-37.4004,-67.0857
182.5,-67.027,-34.4893,-67.0272
182.6,-66.9681,-30.9424,-66.9683
182.7,-66.9089,-26.5312,-66.909
182.8,-66.8492,-20.9102,-66.8494
182.9,-66.7893,-13.5273,-66.7894
183,-66.7289,-3.45703,-66.7291
183.1,-66.6681,10.9629,-66.6683
183.2,-66.6069,32.9844,-66.6071
183.3,-66.5454,-65.6387,-66.5456
183.4,-66.4834,-66.2676,-66.4836
183.5,-66.421,-66.8838,-66.4212
183.6,-66.3581,-67.4854,-66.3583
183.7,-66.2948,-68.0693,-66.295
183.8,-66.231,-68.6328,-66.2312
183.9,-66.1668,-69.1738,-66.167
184,-66.1021,-69.6914,-66.1023
184.1,-66.0369,-70.1846,-66.0371
184.2,-65.9712,-70.6523,-65.9714
184.3,-65.9049,-71.0928,-65.9052
184.4,-65.8382,-71.5068,-65.8384
184.5,-65.7709,-71.8945,-65.7711
184.6,-65.703,-72.2559,-65.7032
184.7,-65.6345,-72.5918,-65.6348
184.8,-65.5655,-72.9023,-65.5658
184.9,-65.4959,-73.1885,-65.4961
185,-65.4256,-73.4521,-65.4259
185.1,-65.3547,-73.6934,-65.355
185.2,-65.2832,-73.9141,-65.2835
185.3,-65.211,-74.1143,-65.2112
185.4,-65.1381,-74.2959,-65.1383
185.5,-65.0645,-74.46,-65.0647
185.6,-64.9901,-74.6074,-64.9904
185.7,-64.915,-74.7402,-64.9153
185.8,-64.8391,-74.8584,-64.8394
185.9,-64.7624,-74.9639,-64.7627
186,-64.6849,-75.0576,-64.6852
186.1,-64.6066,-75.1396,-64.6069
186.2,-64.5274,-75.2119,-64.5277
186.3,-64.4472,-75.2744,-64.4475
186.4,-64.3662,-75.3291,-64.3665
186.5,-64.2842,-75.376,-64.2845
186.6,-64.2012,-75.415,-64.2015
186.7,-64.1171,-75.4482,-64.1174
186.8,-64.032,-75.4746,-64.0324
186.9,-63.9459,-75.4961,-63.9462
187,-63.8586,-75.5127,-63.8589
187.1,-63.7701,-75.5244,-63.7704
187.2,-63.6804,-75.5322,-63.6807
187.3,-63.5894,-75.5361,-63.5898
187.4,-63.4972,-75.5371,-63.4975
187.5,-63.4036,-75.5352,-63.4039
187.6,-63.3086,-75.5303,-63.3089
187.7,-63.2121,-75.5225,-63.2125
187.8,-63.1142,-75.5127,-63.1146
187.9,-63.0146,-75.501,-63.015
188,-62.9135,-75.4873,-62.9139
188.1,-62.8106,-75.4717,-62.811
188.2,-62.706,-75.4541,-62.7064
188.3,-62.5996,-75.4355,-62.6
188.4,-62.4912,-75.416,-62.4916
188.5,-62.3809,-75.3945,-62.3813
188.6,-62.2684,-75.3721,-62.2688
188.7,-62.1538,-75.3486,-62.1542
188.8,-62.0369,-75.3242,-62.0373
188.9,-61.9176,-75.2998,-61.9181
189,-61.7958,-75.2744,-61.7963
189.1,-61.6714,-75.248,-61.6719
189.2,-61.5443,-75.2217,-61.5448
189.3,-61.4143,-75.1943,-61.4148
189.4,-61.2813,-75.166,-61.2818
189.5,-61.1451,-75.1377,-61.1456
189.6,-61.0055,-75.1094,-61.0061
189.7,-60.8624,-75.0801,-60.863
189.8,-60.7156,-75.0508,-60.7162
189.9,-60.5649,-75.0215,-60.5655
190,-60.4101,-74.9912,-60.4107
190.1,-60.2509,-74.9609,-60.2515
190.2,-60.087,-74.9307,-60.0876
190.3,-59.9182,-74.8994,-59.9188
190.4,-59.7441,-74.8682,-59.7448
190.5,-59.5645,-74.8369,-59.5652
190.6,-59.379,-74.8057,-59.3797
190.7,-59.1871,-74.7744,-59.1879
190.8,-58.9885,-74.7432,-58.9893
190.9,-58.7826,-74.7109,-58.7834
191,-58.569,-74.6787,-58.5699
191.1,-58.3471,-74.6465,-58.348
191.2,-58.1162,-74.6143,-58.1171
191.3,-57.8757,-74.582,-57.8766
191.4,-57.6248,-74.5498,-57.6258
191.5,-57.3626,-74.5176,-57.3636
191.6,-57.0881,-74.4854,-57.0892
191.7,-56.8004,-74.4531,-56.8016
191.8,-56.4982,-74.4209,-56.4994
191.9,-56.1802,-74.3887,-56.1815
192,-55.8449,-74.3555,-55.8462
192.1,-55.4905,-74.3223,-55.4919
192.2,-55.1151,-74.2891,-55.1166
192.3,-54.7165,-74.2559,-54.7181
192.4,-54.2921,-74.2227,-54.2938
192.5,-53.8389,-74.1895,-53.8408
192.6,-53.3537,-74.1562,-53.3556
192.7,-52.8323,-74.123,-52.8344
192.8,-52.2702,-74.0898,-52.2725
192.9,-51.6619,-74.0566,-51.6644
193,-51.0009,-74.0234,-51.0035
193.1,-50.2793,-73.9902,-50.2823
193.2,-49.4879,-73.957,-49.4911
193.3,-48.6152,-73.9238,-48.6188
193.4,-47.6473,-73.8906,-47.6513
193.5,-46.5669,-73.8574,-46.5714
193.6,-45.3521,-73.8242,-45.3572
193.7,-43.9754,-73.791,-43.9812
193.8,-42.4011,-73.7578,-42.4077
193.9,-40.5825,-73.7236,-40.5901
194,-38.4571,-73.6895,-38.4662
194.1,-35.9401,-73.6553,-35.9509
194.2,-32.9127,-73.6221,-32.9258
194.3,-29.2046,-73.5879,-29.2208
194.4,-24.5632,-73.5537,-24.5838
194.5,-18.5988,-73.5205,-18.6256
194.6,-10.6816,-73.4863,-10.7179
194.7,0.266934,-73.4521,0.215621
194.8,16.2334,-73.418,16.1563
194.9,41.2364,-73.3838,41.1105
195,-65.5692,-73.3496,-65.5692
195.1,-66.1222,-73.3154,-66.1222
195.2,-66.6569,-73.2812,-66.6569
195.3,-67.1713,-73.2471,-67.1713
195.4,-67.664,-73.2129,-67.664
195.5,-68.1338,-73.1787,-68.1337
195.6,-68.5796,-73.1445,-68.5795
195.7,-69.0009,-73.1104,-69.0009
195.8,-69.3974,-73.0762,-69.3973
195.9,-69.769,-73.042,-69.7689
196,-70.1159,-73.0078,-70.1158
196.1,-70.4384,-72.9736,-70.4384
196.2,-70.7373,-72.9395,-70.7372
196.3,-71.0131,-72.9053,-71.0131
196.4,-71.2668,-72.8711,-71.2667
196.5,-71.4992,-72.8369,-71.4992
196.6,-71.7115,-72.8027,-71.7115
196.7,-71.9046,-72.7676,-71.9046
196.8,-72.0797,-72.7324,-72.0797
196.9,-72.2378,-72.6973,-72.2377
197,-72.38,-72.6621,-72.3799
197.1,-72.5073,-72.627,-72.5073
197.2,-72.6208,-72.5918,-72.6208
197.3,-72.7215,-72.5566,-72.7215
197.4,-72.8104,-72.5215,-72.8104
197.5,-72.8883,-72.4863,-72.8882
197.6,-72.956,-72.4512,-72.956
197.7,-73.0145,-72.416,-73.0145
197.8,-73.0643,-72.3809,-73.0643
197.9,-73.1064,-72.3457,-73.1064
198,-73.1412,-72.3105,-73.1412
198.1,-73.1694,-72.2754,-73.1694
198.2,-73.1915,-72.2402,-73.1916
198.3,-73.2082,-72.2051,-73.2082
198.4,-73.2198,-72.1699,-73.2198
198.5,-73.2268,-72.1348,-73.2268
198.6,-73.2295,-72.0996,-73.2296
198.7,-73.2285,-72.0635,-73.2285
198.8,-73.2239,-72.0273,-73.2239
198.9,-73.2161,-71.9912,-73.2161
199,-73.2054,-71.9551,-73.2054
199.1,-73.192,-71.9189,-73.1921
199.2,-73.1763,-71.8828,-73.1763
199.3,-73.1583,-71.8467,-73.1583
199.4,-73.1383,-71.8105,-73.1383
199.5,-73.1164,-71.7744,-73.1165
199.6,-73.0929,-71.7383,-73.0929
199.7,-73.0678,-71.7021,-73.0679
199.8,-73.0414,-71.666,-73.0414
199.9,-73.0136,-71.6299,-73.0137
