Time,Input_I,LIF_V,Izh_V,LIF_Spike,Izh_Spike
0.0000,0.0000,-65.0000,-65.3000,0,0
0.1000,0.0000,-65.0000,-65.5936,0,0
0.2000,0.0000,-65.0000,-65.8803,0,0
0.3000,0.0000,-65.0000,-66.1596,0,0
0.4000,0.0000,-65.0000,-66.4310,0,0
0.5000,0.0000,-65.0000,-66.6940,0,0
0.6000,0.0000,-65.0000,-66.9485,0,0
0.7000,0.0000,-65.0000,-67.1941,0,0
0.8000,0.0000,-65.0000,-67.4306,0,0
0.9000,0.0000,-65.0000,-67.6580,0,0
1.0000,0.0000,-65.0000,-67.8761,0,0
1.1000,0.0000,-65.0000,-68.0849,0,0
1.2000,0.0000,-65.0000,-68.2844,0,0
1.3000,0.0000,-65.0000,-68.4747,0,0
1.4000,0.0000,-65.0000,-68.6559,0,0
1.5000,0.0000,-65.0000,-68.8282,0,0
1.6000,0.0000,-65.0000,-68.9918,0,0
1.7000,0.0000,-65.0000,-69.1468,0,0
1.8000,0.0000,-65.0000,-69.2935,0,0
1.9000,0.0000,-65.0000,-69.4322,0,0
2.0000,0.0000,-65.0000,-69.5631,0,0
2.1000,0.0000,-65.0000,-69.6865,0,0
2.2000,0.0000,-65.0000,-69.8026,0,0
2.3000,0.0000,-65.0000,-69.9119,0,0
2.4000,0.0000,-65.0000,-70.0145,0,0
2.5000,0.0000,-65.0000,-70.1109,0,0
2.6000,0.0000,-65.0000,-70.2012,0,0
2.7000,0.0000,-65.0000,-70.2857,0,0
2.8000,0.0000,-65.0000,-70.3649,0,0
2.9000,0.0000,-65.0000,-70.4388,0,0
3.0000,0.0000,-65.0000,-70.5079,0,0
3.1000,0.0000,-65.0000,-70.5724,0,0
3.2000,0.0000,-65.0000,-70.6325,0,0
3.3000,0.0000,-65.0000,-70.6885,0,0
3.4000,0.0000,-65.0000,-70.7406,0,0
3.5000,0.0000,-65.0000,-70.7891,0,0
3.6000,0.0000,-65.0000,-70.8342,0,0
3.7000,0.0000,-65.0000,-70.8760,0,0
3.8000,0.0000,-65.0000,-70.9148,0,0
3.9000,0.0000,-65.0000,-70.9508,0,0
4.0000,0.0000,-65.0000,-70.9842,0,0
4.1000,0.0000,-65.0000,-71.0150,0,0
4.2000,0.0000,-65.0000,-71.0436,0,0
4.3000,0.0000,-65.0000,-71.0699,0,0
4.4000,0.0000,-65.0000,-71.0942,0,0
4.5000,0.0000,-65.0000,-71.1167,0,0
4.6000,0.0000,-65.0000,-71.1373,0,0
4.7000,0.0000,-65.0000,-71.1563,0,0
4.8000,0.0000,-65.0000,-71.1737,0,0
4.9000,0.0000,-65.0000,-71.1898,0,0
5.0000,0.0000,-65.0000,-71.2044,0,0
5.1000,0.0000,-65.0000,-71.2178,0,0
5.2000,0.0000,-65.0000,-71.2301,0,0
5.3000,0.0000,-65.0000,-71.2412,0,0
5.4000,0.0000,-65.0000,-71.2514,0,0
5.5000,0.0000,-65.0000,-71.2606,0,0
5.6000,0.0000,-65.0000,-71.2689,0,0
5.7000,0.0000,-65.0000,-71.2765,0,0
5.8000,0.0000,-65.0000,-71.2832,0,0
5.9000,0.0000,-65.0000,-71.2893,0,0
6.0000,0.0000,-65.0000,-71.2947,0,0
6.1000,0.0000,-65.0000,-71.2995,0,0
6.2000,0.0000,-65.0000,-71.3037,0,0
6.3000,0.0000,-65.0000,-71.3074,0,0
6.4000,0.0000,-65.0000,-71.3106,0,0
6.5000,0.0000,-65.0000,-71.3133,0,0
6.6000,0.0000,-65.0000,-71.3157,0,0
6.7000,0.0000,-65.0000,-71.3176,0,0
6.8000,0.0000,-65.0000,-71.3192,0,0
6.9000,0.0000,-65.0000,-71.3204,0,0
7.0000,0.0000,-65.0000,-71.3213,0,0
7.1000,0.0000,-65.0000,-71.3219,0,0
7.2000,0.0000,-65.0000,-71.3223,0,0
7.3000,0.0000,-65.0000,-71.3224,0,0
7.4000,0.0000,-65.0000,-71.3222,0,0
7.5000,0.0000,-65.0000,-71.3219,0,0
7.6000,0.0000,-65.0000,-71.3214,0,0
7.7000,0.0000,-65.0000,-71.3206,0,0
7.8000,0.0000,-65.0000,-71.3197,0,0
7.9000,0.0000,-65.0000,-71.3186,0,0
8.0000,0.0000,-65.0000,-71.3174,0,0
8.1000,0.0000,-65.0000,-71.3161,0,0
8.2000,0.0000,-65.0000,-71.3146,0,0
8.3000,0.0000,-65.0000,-71.3130,0,0
8.4000,0.0000,-65.0000,-71.3113,0,0
8.5000,0.0000,-65.0000,-71.3095,0,0
8.6000,0.0000,-65.0000,-71.3076,0,0
8.7000,0.0000,-65.0000,-71.3056,0,0
8.8000,0.0000,-65.0000,-71.3036,0,0
8.9000,0.0000,-65.0000,-71.3014,0,0
9.0000,0.0000,-65.0000,-71.2992,0,0
9.1000,0.0000,-65.0000,-71.2970,0,0
9.2000,0.0000,-65.0000,-71.2947,0,0
9.3000,0.0000,-65.0000,-71.2923,0,0
9.4000,0.0000,-65.0000,-71.2899,0,0
9.5000,0.0000,-65.0000,-71.2874,0,0
9.6000,0.0000,-65.0000,-71.2849,0,0
9.7000,0.0000,-65.0000,-71.2823,0,0
9.8000,0.0000,-65.0000,-71.2798,0,0
9.9000,0.0000,-65.0000,-71.2771,0,0
10.0000,0.0000,-65.0000,-71.2745,0,0
10.1000,20.0000,-64.2000,-69.2718,0,0
10.2000,20.0000,-63.4160,-67.3935,0,0
10.3000,20.0000,-62.6477,-65.6027,0,0
10.4000,20.0000,-61.8947,-63.8691,0,0
10.5000,20.0000,-61.1568,-62.1665,0,0
10.6000,20.0000,-60.4337,-60.4710,0,0
10.7000,20.0000,-59.7250,-58.7597,0,0
10.8000,20.0000,-59.0305,-57.0091,0,0
10.9000,20.0000,-58.3499,-55.1942,0,0
11.0000,20.0000,-57.6829,-53.2867,0,0
11.1000,20.0000,-57.0292,-51.2536,0,0
11.2000,20.0000,-56.3887,-49.0547,0,0
11.3000,20.0000,-55.7609,-46.6391,0,0
11.4000,20.0000,-55.1457,-43.9411,0,0
11.5000,20.0000,-54.5428,-40.8723,0,0
11.6000,20.0000,-53.9519,-37.3112,0,0
11.7000,20.0000,-53.3729,-33.0841,0,0
11.8000,20.0000,-52.8054,-27.9349,0,0
11.9000,20.0000,-52.2493,-21.4692,0,0
12.0000,20.0000,-51.7043,-13.0499,0,0
12.1000,20.0000,-51.1702,-1.5852,0,0
12.2000,20.0000,-50.6468,14.9386,0,0
12.3000,20.0000,-50.1339,30.0000,0,1
12.4000,20.0000,30.0000,-64.0994,1,0
12.5000,20.0000,-64.2000,-63.2120,0,0
12.6000,20.0000,-63.4160,-62.3312,0,0
12.7000,20.0000,-62.6477,-61.4508,0,0
12.8000,20.0000,-61.8947,-60.5647,0,0
12.9000,20.0000,-61.1568,-59.6665,0,0
13.0000,20.0000,-60.4337,-58.7498,0,0
13.1000,20.0000,-59.7250,-57.8076,0,0
13.2000,20.0000,-59.0305,-56.8322,0,0
13.3000,20.0000,-58.3499,-55.8151,0,0
13.4000,20.0000,-57.6829,-54.7465,0,0
13.5000,20.0000,-57.0292,-53.6150,0,0
13.6000,20.0000,-56.3887,-52.4071,0,0
13.7000,20.0000,-55.7609,-51.1063,0,0
13.8000,20.0000,-55.1457,-49.6926,0,0
13.9000,20.0000,-54.5428,-48.1412,0,0
14.0000,20.0000,-53.9519,-46.4202,0,0
14.1000,20.0000,-53.3729,-44.4887,0,0
14.2000,20.0000,-52.8054,-42.2931,0,0
14.3000,20.0000,-52.2493,-39.7610,0,0
14.4000,20.0000,-51.7043,-36.7934,0,0
14.5000,20.0000,-51.1702,-33.2502,0,0
14.6000,20.0000,-50.6468,-28.9276,0,0
14.7000,20.0000,-50.1339,-23.5186,0,0
14.8000,20.0000,30.0000,-16.5396,1,0
14.9000,20.0000,-64.2000,-7.1896,0,0
15.0000,20.0000,-63.4160,5.9477,0,0
15.1000,20.0000,-62.6477,25.5875,0,0
15.2000,20.0000,-61.8947,30.0000,0,1
15.3000,20.0000,-61.1568,-64.8789,0,0
15.4000,20.0000,-60.4337,-64.7570,0,0
15.5000,20.0000,-59.7250,-64.6342,0,0
15.6000,20.0000,-59.0305,-64.5104,0,0
15.7000,20.0000,-58.3499,-64.3856,0,0
15.8000,20.0000,-57.6829,-64.2595,0,0
15.9000,20.0000,-57.0292,-64.1323,0,0
16.0000,20.0000,-56.3887,-64.0036,0,0
16.1000,20.0000,-55.7609,-63.8735,0,0
16.2000,20.0000,-55.1457,-63.7418,0,0
16.3000,20.0000,-54.5428,-63.6085,0,0
16.4000,20.0000,-53.9519,-63.4733,0,0
16.5000,20.0000,-53.3729,-63.3363,0,0
16.6000,20.0000,-52.8054,-63.1972,0,0
16.7000,20.0000,-52.2493,-63.0559,0,0
16.8000,20.0000,-51.7043,-62.9124,0,0
16.9000,20.0000,-51.1702,-62.7664,0,0
17.0000,20.0000,-50.6468,-62.6179,0,0
17.1000,20.0000,-50.1339,-62.4666,0,0
17.2000,20.0000,30.0000,-62.3124,1,0
17.3000,20.0000,-64.2000,-62.1551,0,0
17.4000,20.0000,-63.4160,-61.9946,0,0
17.5000,20.0000,-62.6477,-61.8306,0,0
17.6000,20.0000,-61.8947,-61.6630,0,0
17.7000,20.0000,-61.1568,-61.4914,0,0
17.8000,20.0000,-60.4337,-61.3157,0,0
17.9000,20.0000,-59.7250,-61.1356,0,0
18.0000,20.0000,-59.0305,-60.9508,0,0
18.1000,20.0000,-58.3499,-60.7610,0,0
18.2000,20.0000,-57.6829,-60.5658,0,0
18.3000,20.0000,-57.0292,-60.3650,0,0
18.4000,20.0000,-56.3887,-60.1581,0,0
18.5000,20.0000,-55.7609,-59.9448,0,0
18.6000,20.0000,-55.1457,-59.7244,0,0
18.7000,20.0000,-54.5428,-59.4967,0,0
18.8000,20.0000,-53.9519,-59.2609,0,0
18.9000,20.0000,-53.3729,-59.0165,0,0
19.0000,20.0000,-52.8054,-58.7628,0,0
19.1000,20.0000,-52.2493,-58.4990,0,0
19.2000,20.0000,-51.7043,-58.2245,0,0
19.3000,20.0000,-51.1702,-57.9381,0,0
19.4000,20.0000,-50.6468,-57.6390,0,0
19.5000,20.0000,-50.1339,-57.3260,0,0
19.6000,20.0000,30.0000,-56.9978,1,0
19.7000,20.0000,-64.2000,-56.6530,0,0
19.8000,20.0000,-63.4160,-56.2900,0,0
19.9000,20.0000,-62.6477,-55.9068,0,0
20.0000,20.0000,-61.8947,-55.5016,0,0
20.1000,20.0000,-61.1568,-55.0717,0,0
20.2000,20.0000,-60.4337,-54.6146,0,0
20.3000,20.0000,-59.7250,-54.1269,0,0
20.4000,20.0000,-59.0305,-53.6051,0,0
20.5000,20.0000,-58.3499,-53.0449,0,0
20.6000,20.0000,-57.6829,-52.4411,0,0
20.7000,20.0000,-57.0292,-51.7877,0,0
20.8000,20.0000,-56.3887,-51.0778,0,0
20.9000,20.0000,-55.7609,-50.3027,0,0
21.0000,20.0000,-55.1457,-49.4520,0,0
21.1000,20.0000,-54.5428,-48.5132,0,0
21.2000,20.0000,-53.9519,-47.4707,0,0
21.3000,20.0000,-53.3729,-46.3050,0,0
21.4000,20.0000,-52.8054,-44.9916,0,0
21.5000,20.0000,-52.2493,-43.4990,0,0
21.6000,20.0000,-51.7043,-41.7865,0,0
21.7000,20.0000,-51.1702,-39.7999,0,0
21.8000,20.0000,-50.6468,-37.4665,0,0
21.9000,20.0000,-50.1339,-34.6858,0,0
22.0000,20.0000,30.0000,-31.3155,1,0
22.1000,20.0000,-64.2000,-27.1484,0,0
22.2000,20.0000,-63.4160,-21.8706,0,0
22.3000,20.0000,-62.6477,-14.9876,0,0
22.4000,20.0000,-61.8947,-5.6768,0,0
22.5000,20.0000,-61.1568,7.5206,0,0
22.6000,20.0000,-60.4337,27.4144,0,0
22.7000,20.0000,-59.7250,30.0000,0,1
22.8000,20.0000,-59.0305,-65.4937,0,0
22.9000,20.0000,-58.3499,-65.9722,0,0
23.0000,20.0000,-57.6829,-66.4339,0,0
23.1000,20.0000,-57.0292,-66.8775,0,0
23.2000,20.0000,-56.3887,-67.3020,0,0
23.3000,20.0000,-55.7609,-67.7065,0,0
23.4000,20.0000,-55.1457,-68.0903,0,0
23.5000,20.0000,-54.5428,-68.4531,0,0
23.6000,20.0000,-53.9519,-68.7947,0,0
23.7000,20.0000,-53.3729,-69.1151,0,0
23.8000,20.0000,-52.8054,-69.4145,0,0
23.9000,20.0000,-52.2493,-69.6932,0,0
24.0000,20.0000,-51.7043,-69.9518,0,0
24.1000,20.0000,-51.1702,-70.1907,0,0
24.2000,20.0000,-50.6468,-70.4107,0,0
24.3000,20.0000,-50.1339,-70.6125,0,0
24.4000,20.0000,30.0000,-70.7968,1,0
24.5000,20.0000,-64.2000,-70.9647,0,0
24.6000,20.0000,-63.4160,-71.1167,0,0
24.7000,20.0000,-62.6477,-71.2540,0,0
24.8000,20.0000,-61.8947,-71.3772,0,0
24.9000,20.0000,-61.1568,-71.4873,0,0
25.0000,20.0000,-60.4337,-71.5851,0,0
25.1000,20.0000,-59.7250,-71.6713,0,0
25.2000,20.0000,-59.0305,-71.7468,0,0
25.3000,20.0000,-58.3499,-71.8123,0,0
25.4000,20.0000,-57.6829,-71.8685,0,0
25.5000,20.0000,-57.0292,-71.9161,0,0
25.6000,20.0000,-56.3887,-71.9556,0,0
25.7000,20.0000,-55.7609,-71.9878,0,0
25.8000,20.0000,-55.1457,-72.0131,0,0
25.9000,20.0000,-54.5428,-72.0322,0,0
26.0000,20.0000,-53.9519,-72.0453,0,0
26.1000,20.0000,-53.3729,-72.0531,0,0
26.2000,20.0000,-52.8054,-72.0559,0,0
26.3000,20.0000,-52.2493,-72.0541,0,0
26.4000,20.0000,-51.7043,-72.0481,0,0
26.5000,20.0000,-51.1702,-72.0382,0,0
26.6000,20.0000,-50.6468,-72.0247,0,0
26.7000,20.0000,-50.1339,-72.0079,0,0
26.8000,20.0000,30.0000,-71.9881,1,0
26.9000,20.0000,-64.2000,-71.9655,0,0
27.0000,20.0000,-63.4160,-71.9403,0,0
27.1000,20.0000,-62.6477,-71.9126,0,0
27.2000,20.0000,-61.8947,-71.8828,0,0
27.3000,20.0000,-61.1568,-71.8510,0,0
27.4000,20.0000,-60.4337,-71.8172,0,0
27.5000,20.0000,-59.7250,-71.7818,0,0
27.6000,20.0000,-59.0305,-71.7447,0,0
27.7000,20.0000,-58.3499,-71.7061,0,0
27.8000,20.0000,-57.6829,-71.6662,0,0
27.9000,20.0000,-57.0292,-71.6250,0,0
28.0000,20.0000,-56.3887,-71.5826,0,0
28.1000,20.0000,-55.7609,-71.5390,0,0
28.2000,20.0000,-55.1457,-71.4945,0,0
28.3000,20.0000,-54.5428,-71.4490,0,0
28.4000,20.0000,-53.9519,-71.4025,0,0
28.5000,20.0000,-53.3729,-71.3553,0,0
28.6000,20.0000,-52.8054,-71.3072,0,0
28.7000,20.0000,-52.2493,-71.2585,0,0
28.8000,20.0000,-51.7043,-71.2090,0,0
28.9000,20.0000,-51.1702,-71.1588,0,0
29.0000,20.0000,-50.6468,-71.1081,0,0
29.1000,20.0000,-50.1339,-71.0567,0,0
29.2000,20.0000,30.0000,-71.0048,1,0
29.3000,20.0000,-64.2000,-70.9524,0,0
29.4000,20.0000,-63.4160,-70.8994,0,0
29.5000,20.0000,-62.6477,-70.8460,0,0
29.6000,20.0000,-61.8947,-70.7921,0,0
29.7000,20.0000,-61.1568,-70.7377,0,0
29.8000,20.0000,-60.4337,-70.6830,0,0
29.9000,20.0000,-59.7250,-70.6278,0,0
30.0000,20.0000,-59.0305,-70.5722,0,0
30.1000,20.0000,-58.3499,-70.5162,0,0
30.2000,20.0000,-57.6829,-70.4599,0,0
30.3000,20.0000,-57.0292,-70.4031,0,0
30.4000,20.0000,-56.3887,-70.3460,0,0
30.5000,20.0000,-55.7609,-70.2886,0,0
30.6000,20.0000,-55.1457,-70.2308,0,0
30.7000,20.0000,-54.5428,-70.1726,0,0
30.8000,20.0000,-53.9519,-70.1142,0,0
30.9000,20.0000,-53.3729,-70.0553,0,0
31.0000,20.0000,-52.8054,-69.9962,0,0
31.1000,20.0000,-52.2493,-69.9367,0,0
31.2000,20.0000,-51.7043,-69.8769,0,0
31.3000,20.0000,-51.1702,-69.8168,0,0
31.4000,20.0000,-50.6468,-69.7563,0,0
31.5000,20.0000,-50.1339,-69.6956,0,0
31.6000,20.0000,30.0000,-69.6344,1,0
31.7000,20.0000,-64.2000,-69.5730,0,0
31.8000,20.0000,-63.4160,-69.5112,0,0
31.9000,20.0000,-62.6477,-69.4492,0,0
32.0000,20.0000,-61.8947,-69.3867,0,0
32.1000,20.0000,-61.1568,-69.3240,0,0
32.2000,20.0000,-60.4337,-69.2609,0,0
32.3000,20.0000,-59.7250,-69.1974,0,0
32.4000,20.0000,-59.0305,-69.1337,0,0
32.5000,20.0000,-58.3499,-69.0695,0,0
32.6000,20.0000,-57.6829,-69.0050,0,0
32.7000,20.0000,-57.0292,-68.9402,0,0
32.8000,20.0000,-56.3887,-68.8750,0,0
32.9000,20.0000,-55.7609,-68.8094,0,0
33.0000,20.0000,-55.1457,-68.7435,0,0
33.1000,20.0000,-54.5428,-68.6772,0,0
33.2000,20.0000,-53.9519,-68.6105,0,0
33.3000,20.0000,-53.3729,-68.5434,0,0
33.4000,20.0000,-52.8054,-68.4759,0,0
33.5000,20.0000,-52.2493,-68.4080,0,0
33.6000,20.0000,-51.7043,-68.3397,0,0
33.7000,20.0000,-51.1702,-68.2710,0,0
33.8000,20.0000,-50.6468,-68.2018,0,0
33.9000,20.0000,-50.1339,-68.1322,0,0
34.0000,20.0000,30.0000,-68.0622,1,0
34.1000,20.0000,-64.2000,-67.9917,0,0
34.2000,20.0000,-63.4160,-67.9208,0,0
34.3000,20.0000,-62.6477,-67.8493,0,0
34.4000,20.0000,-61.8947,-67.7774,0,0
34.5000,20.0000,-61.1568,-67.7050,0,0
34.6000,20.0000,-60.4337,-67.6321,0,0
34.7000,20.0000,-59.7250,-67.5587,0,0
34.8000,20.0000,-59.0305,-67.4848,0,0
34.9000,20.0000,-58.3499,-67.4103,0,0
35.0000,20.0000,-57.6829,-67.3353,0,0
35.1000,20.0000,-57.0292,-67.2597,0,0
35.2000,20.0000,-56.3887,-67.1835,0,0
35.3000,20.0000,-55.7609,-67.1068,0,0
35.4000,20.0000,-55.1457,-67.0294,0,0
35.5000,20.0000,-54.5428,-66.9514,0,0
35.6000,20.0000,-53.9519,-66.8728,0,0
35.7000,20.0000,-53.3729,-66.7935,0,0
35.8000,20.0000,-52.8054,-66.7135,0,0
35.9000,20.0000,-52.2493,-66.6329,0,0
36.0000,20.0000,-51.7043,-66.5515,0,0
36.1000,20.0000,-51.1702,-66.4695,0,0
36.2000,20.0000,-50.6468,-66.3866,0,0
36.3000,20.0000,-50.1339,-66.3030,0,0
36.4000,20.0000,30.0000,-66.2187,1,0
36.5000,20.0000,-64.2000,-66.1335,0,0
36.6000,20.0000,-63.4160,-66.0474,0,0
36.7000,20.0000,-62.6477,-65.9606,0,0
36.8000,20.0000,-61.8947,-65.8728,0,0
36.9000,20.0000,-61.1568,-65.7841,0,0
37.0000,20.0000,-60.4337,-65.6945,0,0
37.1000,20.0000,-59.7250,-65.6039,0,0
37.2000,20.0000,-59.0305,-65.5124,0,0
37.3000,20.0000,-58.3499,-65.4198,0,0
37.4000,20.0000,-57.6829,-65.3261,0,0
37.5000,20.0000,-57.0292,-65.2314,0,0
37.6000,20.0000,-56.3887,-65.1355,0,0
37.7000,20.0000,-55.7609,-65.0384,0,0
37.8000,20.0000,-55.1457,-64.9401,0,0
37.9000,20.0000,-54.5428,-64.8406,0,0
38.0000,20.0000,-53.9519,-64.7398,0,0
38.1000,20.0000,-53.3729,-64.6377,0,0
38.2000,20.0000,-52.8054,-64.5341,0,0
38.3000,20.0000,-52.2493,-64.4292,0,0
38.4000,20.0000,-51.7043,-64.3227,0,0
38.5000,20.0000,-51.1702,-64.2147,0,0
38.6000,20.0000,-50.6468,-64.1051,0,0
38.7000,20.0000,-50.1339,-63.9938,0,0
38.8000,20.0000,30.0000,-63.8808,1,0
38.9000,20.0000,-64.2000,-63.7660,0,0
39.0000,20.0000,-63.4160,-63.6493,0,0
39.1000,20.0000,-62.6477,-63.5307,0,0
39.2000,20.0000,-61.8947,-63.4100,0,0
39.3000,20.0000,-61.1568,-63.2872,0,0
39.4000,20.0000,-60.4337,-63.1622,0,0
39.5000,20.0000,-59.7250,-63.0348,0,0
39.6000,20.0000,-59.0305,-62.9051,0,0
39.7000,20.0000,-58.3499,-62.7728,0,0
39.8000,20.0000,-57.6829,-62.6379,0,0
39.9000,20.0000,-57.0292,-62.5002,0,0
40.0000,20.0000,-56.3887,-62.3597,0,0
40.1000,20.0000,-55.7609,-62.2160,0,0
40.2000,20.0000,-55.1457,-62.0692,0,0
40.3000,20.0000,-54.5428,-61.9190,0,0
40.4000,20.0000,-53.9519,-61.7653,0,0
40.5000,20.0000,-53.3729,-61.6078,0,0
40.6000,20.0000,-52.8054,-61.4464,0,0
40.7000,20.0000,-52.2493,-61.2808,0,0
40.8000,20.0000,-51.7043,-61.1109,0,0
40.9000,20.0000,-51.1702,-60.9363,0,0
41.0000,20.0000,-50.6468,-60.7567,0,0
41.1000,20.0000,-50.1339,-60.5720,0,0
41.2000,20.0000,30.0000,-60.3817,1,0
41.3000,20.0000,-64.2000,-60.1855,0,0
41.4000,20.0000,-63.4160,-59.9830,0,0
41.5000,20.0000,-62.6477,-59.7739,0,0
41.6000,20.0000,-61.8947,-59.5575,0,0
41.7000,20.0000,-61.1568,-59.3335,0,0
41.8000,20.0000,-60.4337,-59.1012,0,0
41.9000,20.0000,-59.7250,-58.8601,0,0
42.0000,20.0000,-59.0305,-58.6095,0,0
42.1000,20.0000,-58.3499,-58.3486,0,0
42.2000,20.0000,-57.6829,-58.0767,0,0
42.3000,20.0000,-57.0292,-57.7927,0,0
42.4000,20.0000,-56.3887,-57.4957,0,0
42.5000,20.0000,-55.7609,-57.1846,0,0
42.6000,20.0000,-55.1457,-56.8579,0,0
42.7000,20.0000,-54.5428,-56.5143,0,0
42.8000,20.0000,-53.9519,-56.1522,0,0
42.9000,20.0000,-53.3729,-55.7696,0,0
43.0000,20.0000,-52.8054,-55.3645,0,0
43.1000,20.0000,-52.2493,-54.9343,0,0
43.2000,20.0000,-51.7043,-54.4763,0,0
43.3000,20.0000,-51.1702,-53.9873,0,0
43.4000,20.0000,-50.6468,-53.4635,0,0
43.5000,20.0000,-50.1339,-52.9005,0,0
43.6000,20.0000,30.0000,-52.2931,1,0
43.7000,20.0000,-64.2000,-51.6351,0,0
43.8000,20.0000,-63.4160,-50.9194,0,0
43.9000,20.0000,-62.6477,-50.1370,0,0
44.0000,20.0000,-61.8947,-49.2775,0,0
44.1000,20.0000,-61.1568,-48.3277,0,0
44.2000,20.0000,-60.4337,-47.2716,0,0
44.3000,20.0000,-59.7250,-46.0892,0,0
44.4000,20.0000,-59.0305,-44.7549,0,0
44.5000,20.0000,-58.3499,-43.2363,0,0
44.6000,20.0000,-57.6829,-41.4909,0,0
44.7000,20.0000,-57.0292,-39.4623,0,0
44.8000,20.0000,-56.3887,-37.0744,0,0
44.9000,20.0000,-55.7609,-34.2219,0,0
45.0000,20.0000,-55.1457,-30.7549,0,0
45.1000,20.0000,-54.5428,-26.4539,0,0
45.2000,20.0000,-53.9519,-20.9851,0,0
45.3000,20.0000,-53.3729,-13.8185,0,0
45.4000,20.0000,-52.8054,-4.0652,0,0
45.5000,20.0000,-52.2493,9.8678,0,0
45.6000,20.0000,-51.7043,30.0000,0,1
45.7000,20.0000,-51.1702,-65.5003,0,0
45.8000,20.0000,-50.6468,-65.9853,0,0
45.9000,20.0000,-50.1339,-66.4532,0,0
46.0000,20.0000,30.0000,-66.9028,1,0
46.1000,20.0000,-64.2000,-67.3329,0,0
46.2000,20.0000,-63.4160,-67.7427,0,0
46.3000,20.0000,-62.6477,-68.1315,0,0
46.4000,20.0000,-61.8947,-68.4990,0,0
46.5000,20.0000,-61.1568,-68.8449,0,0
46.6000,20.0000,-60.4337,-69.1692,0,0
46.7000,20.0000,-59.7250,-69.4722,0,0
46.8000,20.0000,-59.0305,-69.7542,0,0
46.9000,20.0000,-58.3499,-70.0156,0,0
47.0000,20.0000,-57.6829,-70.2572,0,0
47.1000,20.0000,-57.0292,-70.4794,0,0
47.2000,20.0000,-56.3887,-70.6832,0,0
47.3000,20.0000,-55.7609,-70.8694,0,0
47.4000,20.0000,-55.1457,-71.0387,0,0
47.5000,20.0000,-54.5428,-71.1921,0,0
47.6000,20.0000,-53.9519,-71.3305,0,0
47.7000,20.0000,-53.3729,-71.4546,0,0
47.8000,20.0000,-52.8054,-71.5655,0,0
47.9000,20.0000,-52.2493,-71.6639,0,0
48.0000,20.0000,-51.7043,-71.7506,0,0
48.1000,20.0000,-51.1702,-71.8265,0,0
48.2000,20.0000,-50.6468,-71.8923,0,0
48.3000,20.0000,-50.1339,-71.9488,0,0
48.4000,20.0000,30.0000,-71.9965,1,0
48.5000,20.0000,-64.2000,-72.0362,0,0
48.6000,20.0000,-63.4160,-72.0684,0,0
48.7000,20.0000,-62.6477,-72.0937,0,0
48.8000,20.0000,-61.8947,-72.1127,0,0
48.9000,20.0000,-61.1568,-72.1258,0,0
49.0000,20.0000,-60.4337,-72.1335,0,0
49.1000,20.0000,-59.7250,-72.1363,0,0
49.2000,20.0000,-59.0305,-72.1344,0,0
49.3000,20.0000,-58.3499,-72.1283,0,0
49.4000,20.0000,-57.6829,-72.1183,0,0
49.5000,20.0000,-57.0292,-72.1047,0,0
49.6000,20.0000,-56.3887,-72.0878,0,0
49.7000,20.0000,-55.7609,-72.0679,0,0
49.8000,20.0000,-55.1457,-72.0451,0,0
49.9000,20.0000,-54.5428,-72.0198,0,0
50.0000,20.0000,-53.9519,-71.9921,0,0
50.1000,20.0000,-53.3729,-71.9622,0,0
50.2000,20.0000,-52.8054,-71.9303,0,0
50.3000,20.0000,-52.2493,-71.8965,0,0
50.4000,20.0000,-51.7043,-71.8610,0,0
50.5000,20.0000,-51.1702,-71.8239,0,0
50.6000,20.0000,-50.6468,-71.7853,0,0
50.7000,20.0000,-50.1339,-71.7454,0,0
50.8000,20.0000,30.0000,-71.7042,1,0
50.9000,20.0000,-64.2000,-71.6618,0,0
51.0000,20.0000,-63.4160,-71.6183,0,0
51.1000,20.0000,-62.6477,-71.5738,0,0
51.2000,20.0000,-61.8947,-71.5283,0,0
51.3000,20.0000,-61.1568,-71.4819,0,0
51.4000,20.0000,-60.4337,-71.4347,0,0
51.5000,20.0000,-59.7250,-71.3868,0,0
51.6000,20.0000,-59.0305,-71.3381,0,0
51.7000,20.0000,-58.3499,-71.2887,0,0
51.8000,20.0000,-57.6829,-71.2387,0,0
51.9000,20.0000,-57.0292,-71.1880,0,0
52.0000,20.0000,-56.3887,-71.1368,0,0
52.1000,20.0000,-55.7609,-71.0850,0,0
52.2000,20.0000,-55.1457,-71.0327,0,0
52.3000,20.0000,-54.5428,-70.9799,0,0
52.4000,20.0000,-53.9519,-70.9267,0,0
52.5000,20.0000,-53.3729,-70.8729,0,0
52.6000,20.0000,-52.8054,-70.8188,0,0
52.7000,20.0000,-52.2493,-70.7642,0,0
52.8000,20.0000,-51.7043,-70.7092,0,0
52.9000,20.0000,-51.1702,-70.6538,0,0
53.0000,20.0000,-50.6468,-70.5981,0,0
53.1000,20.0000,-50.1339,-70.5419,0,0
53.2000,20.0000,30.0000,-70.4854,1,0
53.3000,20.0000,-64.2000,-70.4286,0,0
53.4000,20.0000,-63.4160,-70.3714,0,0
53.5000,20.0000,-62.6477,-70.3138,0,0
53.6000,20.0000,-61.8947,-70.2560,0,0
53.7000,20.0000,-61.1568,-70.1978,0,0
53.8000,20.0000,-60.4337,-70.1392,0,0
53.9000,20.0000,-59.7250,-70.0804,0,0
54.0000,20.0000,-59.0305,-70.0212,0,0
54.1000,20.0000,-58.3499,-69.9617,0,0
54.2000,20.0000,-57.6829,-69.9019,0,0
54.3000,20.0000,-57.0292,-69.8417,0,0
54.4000,20.0000,-56.3887,-69.7813,0,0
54.5000,20.0000,-55.7609,-69.7205,0,0
54.6000,20.0000,-55.1457,-69.6594,0,0
54.7000,20.0000,-54.5428,-69.5980,0,0
54.8000,20.0000,-53.9519,-69.5363,0,0
54.9000,20.0000,-53.3729,-69.4742,0,0
55.0000,20.0000,-52.8054,-69.4118,0,0
55.1000,20.0000,-52.2493,-69.3491,0,0
55.2000,20.0000,-51.7043,-69.2861,0,0
55.3000,20.0000,-51.1702,-69.2227,0,0
55.4000,20.0000,-50.6468,-69.1590,0,0
55.5000,20.0000,-50.1339,-69.0950,0,0
55.6000,20.0000,30.0000,-69.0305,1,0
55.7000,20.0000,-64.2000,-68.9658,0,0
55.8000,20.0000,-63.4160,-68.9007,0,0
55.9000,20.0000,-62.6477,-68.8352,0,0
56.0000,20.0000,-61.8947,-68.7694,0,0
56.1000,20.0000,-61.1568,-68.7031,0,0
56.2000,20.0000,-60.4337,-68.6366,0,0
56.3000,20.0000,-59.7250,-68.5696,0,0
56.4000,20.0000,-59.0305,-68.5022,0,0
56.5000,20.0000,-58.3499,-68.4344,0,0
56.6000,20.0000,-57.6829,-68.3663,0,0
56.7000,20.0000,-57.0292,-68.2977,0,0
56.8000,20.0000,-56.3887,-68.2287,0,0
56.9000,20.0000,-55.7609,-68.1592,0,0
57.0000,20.0000,-55.1457,-68.0893,0,0
57.1000,20.0000,-54.5428,-68.0190,0,0
57.2000,20.0000,-53.9519,-67.9482,0,0
57.3000,20.0000,-53.3729,-67.8769,0,0
57.4000,20.0000,-52.8054,-67.8052,0,0
57.5000,20.0000,-52.2493,-67.7330,0,0
57.6000,20.0000,-51.7043,-67.6602,0,0
57.7000,20.0000,-51.1702,-67.5870,0,0
57.8000,20.0000,-50.6468,-67.5133,0,0
57.9000,20.0000,-50.1339,-67.4390,0,0
58.0000,20.0000,30.0000,-67.3641,1,0
58.1000,20.0000,-64.2000,-67.2887,0,0
58.2000,20.0000,-63.4160,-67.2128,0,0
58.3000,20.0000,-62.6477,-67.1362,0,0
58.4000,20.0000,-61.8947,-67.0591,0,0
58.5000,20.0000,-61.1568,-66.9813,0,0
58.6000,20.0000,-60.4337,-66.9029,0,0
58.7000,20.0000,-59.7250,-66.8239,0,0
58.8000,20.0000,-59.0305,-66.7442,0,0
58.9000,20.0000,-58.3499,-66.6638,0,0
59.0000,20.0000,-57.6829,-66.5827,0,0
59.1000,20.0000,-57.0292,-66.5009,0,0
59.2000,20.0000,-56.3887,-66.4184,0,0
59.3000,20.0000,-55.7609,-66.3350,0,0
59.4000,20.0000,-55.1457,-66.2510,0,0
59.5000,20.0000,-54.5428,-66.1661,0,0
59.6000,20.0000,-53.9519,-66.0804,0,0
59.7000,20.0000,-53.3729,-65.9938,0,0
59.8000,20.0000,-52.8054,-65.9064,0,0
59.9000,20.0000,-52.2493,-65.8181,0,0
60.0000,20.0000,-51.7043,-65.7288,0,0
60.1000,20.0000,-51.1702,-65.6386,0,0
60.2000,20.0000,-50.6468,-65.5474,0,0
60.3000,20.0000,-50.1339,-65.4552,0,0
60.4000,20.0000,30.0000,-65.3619,1,0
60.5000,20.0000,-64.2000,-65.2676,0,0
60.6000,20.0000,-63.4160,-65.1721,0,0
60.7000,20.0000,-62.6477,-65.0755,0,0
60.8000,20.0000,-61.8947,-64.9777,0,0
60.9000,20.0000,-61.1568,-64.8787,0,0
61.0000,20.0000,-60.4337,-64.7784,0,0
61.1000,20.0000,-59.7250,-64.6767,0,0
61.2000,20.0000,-59.0305,-64.5737,0,0
61.3000,20.0000,-58.3499,-64.4693,0,0
61.4000,20.0000,-57.6829,-64.3634,0,0
61.5000,20.0000,-57.0292,-64.2560,0,0
61.6000,20.0000,-56.3887,-64.1470,0,0
61.7000,20.0000,-55.7609,-64.0364,0,0
61.8000,20.0000,-55.1457,-63.9240,0,0
61.9000,20.0000,-54.5428,-63.8099,0,0
62.0000,20.0000,-53.9519,-63.6939,0,0
62.1000,20.0000,-53.3729,-63.5760,0,0
62.2000,20.0000,-52.8054,-63.4561,0,0
62.3000,20.0000,-52.2493,-63.3341,0,0
62.4000,20.0000,-51.7043,-63.2100,0,0
62.5000,20.0000,-51.1702,-63.0835,0,0
62.6000,20.0000,-50.6468,-62.9547,0,0
62.7000,20.0000,-50.1339,-62.8234,0,0
62.8000,20.0000,30.0000,-62.6895,1,0
62.9000,20.0000,-64.2000,-62.5529,0,0
63.0000,20.0000,-63.4160,-62.4135,0,0
63.1000,20.0000,-62.6477,-62.2710,0,0
63.2000,20.0000,-61.8947,-62.1254,0,0
63.3000,20.0000,-61.1568,-61.9765,0,0
63.4000,20.0000,-60.4337,-61.8241,0,0
63.5000,20.0000,-59.7250,-61.6681,0,0
63.6000,20.0000,-59.0305,-61.5082,0,0
63.7000,20.0000,-58.3499,-61.3443,0,0
63.8000,20.0000,-57.6829,-61.1760,0,0
63.9000,20.0000,-57.0292,-61.0032,0,0
64.0000,20.0000,-56.3887,-60.8256,0,0
64.1000,20.0000,-55.7609,-60.6429,0,0
64.2000,20.0000,-55.1457,-60.4547,0,0
64.3000,20.0000,-54.5428,-60.2608,0,0
64.4000,20.0000,-53.9519,-60.0608,0,0
64.5000,20.0000,-53.3729,-59.8542,0,0
64.6000,20.0000,-52.8054,-59.6406,0,0
64.7000,20.0000,-52.2493,-59.4195,0,0
64.8000,20.0000,-51.7043,-59.1905,0,0
64.9000,20.0000,-51.1702,-58.9528,0,0
65.0000,20.0000,-50.6468,-58.7059,0,0
65.1000,20.0000,-50.1339,-58.4490,0,0
65.2000,20.0000,30.0000,-58.1814,1,0
65.3000,20.0000,-64.2000,-57.9021,0,0
65.4000,20.0000,-63.4160,-57.6102,0,0
65.5000,20.0000,-62.6477,-57.3045,0,0
65.6000,20.0000,-61.8947,-56.9839,0,0
65.7000,20.0000,-61.1568,-56.6470,0,0
65.8000,20.0000,-60.4337,-56.2921,0,0
65.9000,20.0000,-59.7250,-55.9175,0,0
66.0000,20.0000,-59.0305,-55.5212,0,0
66.1000,20.0000,-58.3499,-55.1008,0,0
66.2000,20.0000,-57.6829,-54.6538,0,0
66.3000,20.0000,-57.0292,-54.1770,0,0
66.4000,20.0000,-56.3887,-53.6669,0,0
66.5000,20.0000,-55.7609,-53.1193,0,0
66.6000,20.0000,-55.1457,-52.5294,0,0
66.7000,20.0000,-54.5428,-51.8915,0,0
66.8000,20.0000,-53.9519,-51.1986,0,0
66.9000,20.0000,-53.3729,-50.4427,0,0
67.0000,20.0000,-52.8054,-49.6139,0,0
67.1000,20.0000,-52.2493,-48.7001,0,0
67.2000,20.0000,-51.7043,-47.6865,0,0
67.3000,20.0000,-51.1702,-46.5548,0,0
67.4000,20.0000,-50.6468,-45.2816,0,0
67.5000,20.0000,-50.1339,-43.8374,0,0
67.6000,20.0000,30.0000,-42.1839,1,0
67.7000,20.0000,-64.2000,-40.2706,0,0
67.8000,20.0000,-63.4160,-38.0299,0,0
67.9000,20.0000,-62.6477,-35.3687,0,0
68.0000,20.0000,-61.8947,-32.1564,0,0
68.1000,20.0000,-61.1568,-28.2041,0,0
68.2000,20.0000,-60.4337,-23.2283,0,0
68.3000,20.0000,-59.7250,-16.7870,0,0
68.4000,20.0000,-59.0305,-8.1550,0,0
68.5000,20.0000,-58.3499,3.9328,0,0
68.6000,20.0000,-57.6829,21.8609,0,0
68.7000,20.0000,-57.0292,30.0000,0,1
68.8000,20.0000,-56.3887,-65.5008,0,0
68.9000,20.0000,-55.7609,-65.9863,0,0
69.0000,20.0000,-55.1457,-66.4547,0,0
69.1000,20.0000,-54.5428,-66.9047,0,0
69.2000,20.0000,-53.9519,-67.3353,0,0
69.3000,20.0000,-53.3729,-67.7455,0,0
69.4000,20.0000,-52.8054,-68.1347,0,0
69.5000,20.0000,-52.2493,-68.5026,0,0
69.6000,20.0000,-51.7043,-68.8488,0,0
69.7000,20.0000,-51.1702,-69.1735,0,0
69.8000,20.0000,-50.6468,-69.4767,0,0
69.9000,20.0000,-50.1339,-69.7590,0,0
70.0000,20.0000,30.0000,-70.0206,1,0
70.1000,20.0000,-64.2000,-70.2624,0,0
70.2000,20.0000,-63.4160,-70.4848,0,0
70.3000,20.0000,-62.6477,-70.6888,0,0
70.4000,20.0000,-61.8947,-70.8751,0,0
70.5000,20.0000,-61.1568,-71.0445,0,0
70.6000,20.0000,-60.4337,-71.1980,0,0
70.7000,20.0000,-59.7250,-71.3364,0,0
70.8000,20.0000,-59.0305,-71.4607,0,0
70.9000,20.0000,-58.3499,-71.5716,0,0
71.0000,20.0000,-57.6829,-71.6700,0,0
71.1000,20.0000,-57.0292,-71.7568,0,0
71.2000,20.0000,-56.3887,-71.8328,0,0
71.3000,20.0000,-55.7609,-71.8986,0,0
71.4000,20.0000,-55.1457,-71.9550,0,0
71.5000,20.0000,-54.5428,-72.0028,0,0
71.6000,20.0000,-53.9519,-72.0425,0,0
71.7000,20.0000,-53.3729,-72.0747,0,0
71.8000,20.0000,-52.8054,-72.1000,0,0
71.9000,20.0000,-52.2493,-72.1190,0,0
72.0000,20.0000,-51.7043,-72.1321,0,0
72.1000,20.0000,-51.1702,-72.1398,0,0
72.2000,20.0000,-50.6468,-72.1425,0,0
72.3000,20.0000,-50.1339,-72.1406,0,0
72.4000,20.0000,30.0000,-72.1345,1,0
72.5000,20.0000,-64.2000,-72.1245,0,0
72.6000,20.0000,-63.4160,-72.1109,0,0
72.7000,20.0000,-62.6477,-72.0940,0,0
72.8000,20.0000,-61.8947,-72.0741,0,0
72.9000,20.0000,-61.1568,-72.0514,0,0
73.0000,20.0000,-60.4337,-72.0260,0,0
73.1000,20.0000,-59.7250,-71.9983,0,0
73.2000,20.0000,-59.0305,-71.9684,0,0
73.3000,20.0000,-58.3499,-71.9365,0,0
73.4000,20.0000,-57.6829,-71.9027,0,0
73.5000,20.0000,-57.0292,-71.8672,0,0
73.6000,20.0000,-56.3887,-71.8301,0,0
73.7000,20.0000,-55.7609,-71.7915,0,0
73.8000,20.0000,-55.1457,-71.7516,0,0
73.9000,20.0000,-54.5428,-71.7104,0,0
74.0000,20.0000,-53.9519,-71.6680,0,0
74.1000,20.0000,-53.3729,-71.6245,0,0
74.2000,20.0000,-52.8054,-71.5799,0,0
74.3000,20.0000,-52.2493,-71.5345,0,0
74.4000,20.0000,-51.7043,-71.4881,0,0
74.5000,20.0000,-51.1702,-71.4409,0,0
74.6000,20.0000,-50.6468,-71.3930,0,0
74.7000,20.0000,-50.1339,-71.3443,0,0
74.8000,20.0000,30.0000,-71.2949,1,0
74.9000,20.0000,-64.2000,-71.2449,0,0
75.0000,20.0000,-63.4160,-71.1943,0,0
75.1000,20.0000,-62.6477,-71.1431,0,0
75.2000,20.0000,-61.8947,-71.0913,0,0
75.3000,20.0000,-61.1568,-71.0390,0,0
75.4000,20.0000,-60.4337,-70.9862,0,0
75.5000,20.0000,-59.7250,-70.9330,0,0
75.6000,20.0000,-59.0305,-70.8793,0,0
75.7000,20.0000,-58.3499,-70.8251,0,0
75.8000,20.0000,-57.6829,-70.7706,0,0
75.9000,20.0000,-57.0292,-70.7156,0,0
76.0000,20.0000,-56.3887,-70.6602,0,0
76.1000,20.0000,-55.7609,-70.6045,0,0
76.2000,20.0000,-55.1457,-70.5483,0,0
76.3000,20.0000,-54.5428,-70.4919,0,0
76.4000,20.0000,-53.9519,-70.4350,0,0
76.5000,20.0000,-53.3729,-70.3779,0,0
76.6000,20.0000,-52.8054,-70.3203,0,0
76.7000,20.0000,-52.2493,-70.2625,0,0
76.8000,20.0000,-51.7043,-70.2043,0,0
76.9000,20.0000,-51.1702,-70.1458,0,0
77.0000,20.0000,-50.6468,-70.0869,0,0
77.1000,20.0000,-50.1339,-70.0278,0,0
77.2000,20.0000,30.0000,-69.9683,1,0
77.3000,20.0000,-64.2000,-69.9085,0,0
77.4000,20.0000,-63.4160,-69.8484,0,0
77.5000,20.0000,-62.6477,-69.7880,0,0
77.6000,20.0000,-61.8947,-69.7272,0,0
77.7000,20.0000,-61.1568,-69.6662,0,0
77.8000,20.0000,-60.4337,-69.6048,0,0
77.9000,20.0000,-59.7250,-69.5431,0,0
78.0000,20.0000,-59.0305,-69.4811,0,0
78.1000,20.0000,-58.3499,-69.4187,0,0
78.2000,20.0000,-57.6829,-69.3560,0,0
78.3000,20.0000,-57.0292,-69.2930,0,0
78.4000,20.0000,-56.3887,-69.2297,0,0
78.5000,20.0000,-55.7609,-69.1660,0,0
78.6000,20.0000,-55.1457,-69.1020,0,0
78.7000,20.0000,-54.5428,-69.0376,0,0
78.8000,20.0000,-53.9519,-68.9729,0,0
78.9000,20.0000,-53.3729,-68.9078,0,0
79.0000,20.0000,-52.8054,-68.8424,0,0
79.1000,20.0000,-52.2493,-68.7766,0,0
79.2000,20.0000,-51.7043,-68.7104,0,0
79.3000,20.0000,-51.1702,-68.6438,0,0
79.4000,20.0000,-50.6468,-68.5769,0,0
79.5000,20.0000,-50.1339,-68.5096,0,0
79.6000,20.0000,30.0000,-68.4418,1,0
79.7000,20.0000,-64.2000,-68.3737,0,0
79.8000,20.0000,-63.4160,-68.3051,0,0
79.9000,20.0000,-62.6477,-68.2362,0,0
80.0000,20.0000,-61.8947,-68.1668,0,0
80.1000,20.0000,-61.1568,-68.0969,0,0
80.2000,20.0000,-60.4337,-68.0266,0,0
80.3000,20.0000,-59.7250,-67.9559,0,0
80.4000,20.0000,-59.0305,-67.8847,0,0
80.5000,20.0000,-58.3499,-67.8130,0,0
80.6000,20.0000,-57.6829,-67.7408,0,0
80.7000,20.0000,-57.0292,-67.6682,0,0
80.8000,20.0000,-56.3887,-67.5950,0,0
80.9000,20.0000,-55.7609,-67.5213,0,0
81.0000,20.0000,-55.1457,-67.4471,0,0
81.1000,20.0000,-54.5428,-67.3723,0,0
81.2000,20.0000,-53.9519,-67.2969,0,0
81.3000,20.0000,-53.3729,-67.2210,0,0
81.4000,20.0000,-52.8054,-67.1446,0,0
81.5000,20.0000,-52.2493,-67.0675,0,0
81.6000,20.0000,-51.7043,-66.9898,0,0
81.7000,20.0000,-51.1702,-66.9114,0,0
81.8000,20.0000,-50.6468,-66.8325,0,0
81.9000,20.0000,-50.1339,-66.7528,0,0
82.0000,20.0000,30.0000,-66.6725,1,0
82.1000,20.0000,-64.2000,-66.5915,0,0
82.2000,20.0000,-63.4160,-66.5098,0,0
82.3000,20.0000,-62.6477,-66.4273,0,0
82.4000,20.0000,-61.8947,-66.3441,0,0
82.5000,20.0000,-61.1568,-66.2601,0,0
82.6000,20.0000,-60.4337,-66.1753,0,0
82.7000,20.0000,-59.7250,-66.0897,0,0
82.8000,20.0000,-59.0305,-66.0032,0,0
82.9000,20.0000,-58.3499,-65.9159,0,0
83.0000,20.0000,-57.6829,-65.8277,0,0
83.1000,20.0000,-57.0292,-65.7385,0,0
83.2000,20.0000,-56.3887,-65.6484,0,0
83.3000,20.0000,-55.7609,-65.5573,0,0
83.4000,20.0000,-55.1457,-65.4652,0,0
83.5000,20.0000,-54.5428,-65.3721,0,0
83.6000,20.0000,-53.9519,-65.2778,0,0
83.7000,20.0000,-53.3729,-65.1825,0,0
83.8000,20.0000,-52.8054,-65.0860,0,0
83.9000,20.0000,-52.2493,-64.9884,0,0
84.0000,20.0000,-51.7043,-64.8895,0,0
84.1000,20.0000,-51.1702,-64.7893,0,0
84.2000,20.0000,-50.6468,-64.6878,0,0
84.3000,20.0000,-50.1339,-64.5849,0,0
84.4000,20.0000,30.0000,-64.4807,1,0
84.5000,20.0000,-64.2000,-64.3749,0,0
84.6000,20.0000,-63.4160,-64.2677,0,0
84.7000,20.0000,-62.6477,-64.1589,0,0
84.8000,20.0000,-61.8947,-64.0484,0,0
84.9000,20.0000,-61.1568,-63.9363,0,0
85.0000,20.0000,-60.4337,-63.8223,0,0
85.1000,20.0000,-59.7250,-63.7066,0,0
85.2000,20.0000,-59.0305,-63.5889,0,0
85.3000,20.0000,-58.3499,-63.4692,0,0
85.4000,20.0000,-57.6829,-63.3475,0,0
85.5000,20.0000,-57.0292,-63.2235,0,0
85.6000,20.0000,-56.3887,-63.0973,0,0
85.7000,20.0000,-55.7609,-62.9688,0,0
85.8000,20.0000,-55.1457,-62.8378,0,0
85.9000,20.0000,-54.5428,-62.7042,0,0
86.0000,20.0000,-53.9519,-62.5678,0,0
86.1000,20.0000,-53.3729,-62.4287,0,0
86.2000,20.0000,-52.8054,-62.2866,0,0
86.3000,20.0000,-52.2493,-62.1413,0,0
86.4000,20.0000,-51.7043,-61.9928,0,0
86.5000,20.0000,-51.1702,-61.8408,0,0
86.6000,20.0000,-50.6468,-61.6852,0,0
86.7000,20.0000,-50.1339,-61.5257,0,0
86.8000,20.0000,30.0000,-61.3622,1,0
86.9000,20.0000,-64.2000,-61.1944,0,0
87.0000,20.0000,-63.4160,-61.0221,0,0
87.1000,20.0000,-62.6477,-60.8450,0,0
87.2000,20.0000,-61.8947,-60.6629,0,0
87.3000,20.0000,-61.1568,-60.4753,0,0
87.4000,20.0000,-60.4337,-60.2821,0,0
87.5000,20.0000,-59.7250,-60.0827,0,0
87.6000,20.0000,-59.0305,-59.8769,0,0
87.7000,20.0000,-58.3499,-59.6641,0,0
87.8000,20.0000,-57.6829,-59.4438,0,0
87.9000,20.0000,-57.0292,-59.2157,0,0
88.0000,20.0000,-56.3887,-58.9790,0,0
88.1000,20.0000,-55.7609,-58.7331,0,0
88.2000,20.0000,-55.1457,-58.4773,0,0
88.3000,20.0000,-54.5428,-58.2109,0,0
88.4000,20.0000,-53.9519,-57.9329,0,0
88.5000,20.0000,-53.3729,-57.6424,0,0
88.6000,20.0000,-52.8054,-57.3383,0,0
88.7000,20.0000,-52.2493,-57.0194,0,0
88.8000,20.0000,-51.7043,-56.6843,0,0
88.9000,20.0000,-51.1702,-56.3314,0,0
89.0000,20.0000,-50.6468,-55.9590,0,0
89.1000,20.0000,-50.1339,-55.5652,0,0
89.2000,20.0000,30.0000,-55.1476,1,0
89.3000,20.0000,-64.2000,-54.7036,0,0
89.4000,20.0000,-63.4160,-54.2301,0,0
89.5000,20.0000,-62.6477,-53.7238,0,0
89.6000,20.0000,-61.8947,-53.1805,0,0
89.7000,20.0000,-61.1568,-52.5955,0,0
89.8000,20.0000,-60.4337,-51.9630,0,0
89.9000,20.0000,-59.7250,-51.2765,0,0
90.0000,20.0000,-59.0305,-50.5279,0,0
90.1000,20.0000,-58.3499,-49.7075,0,0
90.2000,20.0000,-57.6829,-48.8035,0,0
90.3000,20.0000,-57.0292,-47.8016,0,0
90.4000,20.0000,-56.3887,-46.6836,0,0
90.5000,20.0000,-55.7609,-45.4270,0,0
90.6000,20.0000,-55.1457,-44.0031,0,0
90.7000,20.0000,-54.5428,-42.3744,0,0
90.8000,20.0000,-53.9519,-40.4922,0,0
90.9000,20.0000,-53.3729,-38.2908,0,0
91.0000,20.0000,-52.8054,-35.6806,0,0
91.1000,20.0000,-52.2493,-32.5359,0,0
91.2000,20.0000,-51.7043,-28.6752,0,0
91.3000,20.0000,-51.1702,-23.8280,0,0
91.4000,20.0000,-50.6468,-17.5738,0,0
91.5000,20.0000,-50.1339,-9.2270,0,0
91.6000,20.0000,30.0000,2.3992,1,0
91.7000,20.0000,-64.2000,19.5215,0,0
91.8000,20.0000,-63.4160,30.0000,0,1
91.9000,20.0000,-62.6477,-65.5007,0,0
92.0000,20.0000,-61.8947,-65.9860,0,0
92.1000,20.0000,-61.1568,-66.4544,0,0
92.2000,20.0000,-60.4337,-66.9043,0,0
92.3000,20.0000,-59.7250,-67.3348,0,0
92.4000,20.0000,-59.0305,-67.7449,0,0
92.5000,20.0000,-58.3499,-68.1340,0,0
92.6000,20.0000,-57.6829,-68.5017,0,0
92.7000,20.0000,-57.0292,-68.8479,0,0
92.8000,20.0000,-56.3887,-69.1725,0,0
92.9000,20.0000,-55.7609,-69.4757,0,0
93.0000,20.0000,-55.1457,-69.7579,0,0
93.1000,20.0000,-54.5428,-70.0195,0,0
93.2000,20.0000,-53.9519,-70.2612,0,0
93.3000,20.0000,-53.3729,-70.4836,0,0
93.4000,20.0000,-52.8054,-70.6875,0,0
93.5000,20.0000,-52.2493,-70.8738,0,0
93.6000,20.0000,-51.7043,-71.0432,0,0
93.7000,20.0000,-51.1702,-71.1967,0,0
93.8000,20.0000,-50.6468,-71.3351,0,0
93.9000,20.0000,-50.1339,-71.4593,0,0
94.0000,20.0000,30.0000,-71.5702,1,0
94.1000,20.0000,-64.2000,-71.6686,0,0
94.2000,20.0000,-63.4160,-71.7554,0,0
94.3000,20.0000,-62.6477,-71.8313,0,0
94.4000,20.0000,-61.8947,-71.8972,0,0
94.5000,20.0000,-61.1568,-71.9536,0,0
94.6000,20.0000,-60.4337,-72.0013,0,0
94.7000,20.0000,-59.7250,-72.0410,0,0
94.8000,20.0000,-59.0305,-72.0732,0,0
94.9000,20.0000,-58.3499,-72.0986,0,0
95.0000,20.0000,-57.6829,-72.1176,0,0
95.1000,20.0000,-57.0292,-72.1307,0,0
95.2000,20.0000,-56.3887,-72.1384,0,0
95.3000,20.0000,-55.7609,-72.1411,0,0
95.4000,20.0000,-55.1457,-72.1392,0,0
95.5000,20.0000,-54.5428,-72.1331,0,0
95.6000,20.0000,-53.9519,-72.1231,0,0
95.7000,20.0000,-53.3729,-72.1095,0,0
95.8000,20.0000,-52.8054,-72.0926,0,0
95.9000,20.0000,-52.2493,-72.0727,0,0
96.0000,20.0000,-51.7043,-72.0499,0,0
96.1000,20.0000,-51.1702,-72.0246,0,0
96.2000,20.0000,-50.6468,-71.9969,0,0
96.3000,20.0000,-50.1339,-71.9670,0,0
96.4000,20.0000,30.0000,-71.9351,1,0
96.5000,20.0000,-64.2000,-71.9013,0,0
96.6000,20.0000,-63.4160,-71.8658,0,0
96.7000,20.0000,-62.6477,-71.8287,0,0
96.8000,20.0000,-61.8947,-71.7901,0,0
96.9000,20.0000,-61.1568,-71.7502,0,0
97.0000,20.0000,-60.4337,-71.7089,0,0
97.1000,20.0000,-59.7250,-71.6665,0,0
97.2000,20.0000,-59.0305,-71.6230,0,0
97.3000,20.0000,-58.3499,-71.5785,0,0
97.4000,20.0000,-57.6829,-71.5331,0,0
97.5000,20.0000,-57.0292,-71.4867,0,0
97.6000,20.0000,-56.3887,-71.4395,0,0
97.7000,20.0000,-55.7609,-71.3916,0,0
97.8000,20.0000,-55.1457,-71.3429,0,0
97.9000,20.0000,-54.5428,-71.2935,0,0
98.0000,20.0000,-53.9519,-71.2435,0,0
98.1000,20.0000,-53.3729,-71.1928,0,0
98.2000,20.0000,-52.8054,-71.1416,0,0
98.3000,20.0000,-52.2493,-71.0898,0,0
98.4000,20.0000,-51.7043,-71.0376,0,0
98.5000,20.0000,-51.1702,-70.9848,0,0
98.6000,20.0000,-50.6468,-70.9315,0,0
98.7000,20.0000,-50.1339,-70.8778,0,0
98.8000,20.0000,30.0000,-70.8237,1,0
98.9000,20.0000,-64.2000,-70.7691,0,0
99.0000,20.0000,-63.4160,-70.7141,0,0
99.1000,20.0000,-62.6477,-70.6587,0,0
99.2000,20.0000,-61.8947,-70.6030,0,0
99.3000,20.0000,-61.1568,-70.5469,0,0
99.4000,20.0000,-60.4337,-70.4904,0,0
99.5000,20.0000,-59.7250,-70.4335,0,0
99.6000,20.0000,-59.0305,-70.3764,0,0
99.7000,20.0000,-58.3499,-70.3188,0,0
99.8000,20.0000,-57.6829,-70.2610,0,0
99.9000,20.0000,-57.0292,-70.2028,0,0
100.0000,20.0000,-56.3887,-70.1443,0,0
100.1000,20.0000,-55.7609,-70.0854,0,0
100.2000,20.0000,-55.1457,-70.0263,0,0
100.3000,20.0000,-54.5428,-69.9668,0,0
100.4000,20.0000,-53.9519,-69.9070,0,0
100.5000,20.0000,-53.3729,-69.8469,0,0
100.6000,20.0000,-52.8054,-69.7864,0,0
100.7000,20.0000,-52.2493,-69.7257,0,0
100.8000,20.0000,-51.7043,-69.6646,0,0
100.9000,20.0000,-51.1702,-69.6032,0,0
101.0000,20.0000,-50.6468,-69.5415,0,0
101.1000,20.0000,-50.1339,-69.4795,0,0
101.2000,20.0000,30.0000,-69.4171,1,0
101.3000,20.0000,-64.2000,-69.3545,0,0
101.4000,20.0000,-63.4160,-69.2914,0,0
101.5000,20.0000,-62.6477,-69.2281,0,0
101.6000,20.0000,-61.8947,-69.1644,0,0
101.7000,20.0000,-61.1568,-69.1004,0,0
101.8000,20.0000,-60.4337,-69.0360,0,0
101.9000,20.0000,-59.7250,-68.9713,0,0
102.0000,20.0000,-59.0305,-68.9062,0,0
102.1000,20.0000,-58.3499,-68.8407,0,0
102.2000,20.0000,-57.6829,-68.7749,0,0
102.3000,20.0000,-57.0292,-68.7087,0,0
102.4000,20.0000,-56.3887,-68.6422,0,0
102.5000,20.0000,-55.7609,-68.5752,0,0
102.6000,20.0000,-55.1457,-68.5079,0,0
102.7000,20.0000,-54.5428,-68.4401,0,0
102.8000,20.0000,-53.9519,-68.3720,0,0
102.9000,20.0000,-53.3729,-68.3034,0,0
103.0000,20.0000,-52.8054,-68.2345,0,0
103.1000,20.0000,-52.2493,-68.1650,0,0
103.2000,20.0000,-51.7043,-68.0952,0,0
103.3000,20.0000,-51.1702,-68.0249,0,0
103.4000,20.0000,-50.6468,-67.9541,0,0
103.5000,20.0000,-50.1339,-67.8829,0,0
103.6000,20.0000,30.0000,-67.8112,1,0
103.7000,20.0000,-64.2000,-67.7390,0,0
103.8000,20.0000,-63.4160,-67.6664,0,0
103.9000,20.0000,-62.6477,-67.5932,0,0
104.0000,20.0000,-61.8947,-67.5195,0,0
104.1000,20.0000,-61.1568,-67.4452,0,0
104.2000,20.0000,-60.4337,-67.3704,0,0
104.3000,20.0000,-59.7250,-67.2951,0,0
104.4000,20.0000,-59.0305,-67.2192,0,0
104.5000,20.0000,-58.3499,-67.1427,0,0
104.6000,20.0000,-57.6829,-67.0656,0,0
104.7000,20.0000,-57.0292,-66.9879,0,0
104.8000,20.0000,-56.3887,-66.9095,0,0
104.9000,20.0000,-55.7609,-66.8305,0,0
105.0000,20.0000,-55.1457,-66.7509,0,0
105.1000,20.0000,-54.5428,-66.6705,0,0
105.2000,20.0000,-53.9519,-66.5895,0,0
105.3000,20.0000,-53.3729,-66.5078,0,0
105.4000,20.0000,-52.8054,-66.4253,0,0
105.5000,20.0000,-52.2493,-66.3420,0,0
105.6000,20.0000,-51.7043,-66.2580,0,0
105.7000,20.0000,-51.1702,-66.1732,0,0
105.8000,20.0000,-50.6468,-66.0876,0,0
105.9000,20.0000,-50.1339,-66.0011,0,0
106.0000,20.0000,30.0000,-65.9137,1,0
106.1000,20.0000,-64.2000,-65.8255,0,0
106.2000,20.0000,-63.4160,-65.7363,0,0
106.3000,20.0000,-62.6477,-65.6462,0,0
106.4000,20.0000,-61.8947,-65.5551,0,0
106.5000,20.0000,-61.1568,-65.4629,0,0
106.6000,20.0000,-60.4337,-65.3698,0,0
106.7000,20.0000,-59.7250,-65.2755,0,0
106.8000,20.0000,-59.0305,-65.1802,0,0
106.9000,20.0000,-58.3499,-65.0836,0,0
107.0000,20.0000,-57.6829,-64.9859,0,0
107.1000,20.0000,-57.0292,-64.8870,0,0
107.2000,20.0000,-56.3887,-64.7868,0,0
107.3000,20.0000,-55.7609,-64.6853,0,0
107.4000,20.0000,-55.1457,-64.5824,0,0
107.5000,20.0000,-54.5428,-64.4781,0,0
107.6000,20.0000,-53.9519,-64.3723,0,0
107.7000,20.0000,-53.3729,-64.2650,0,0
107.8000,20.0000,-52.8054,-64.1562,0,0
107.9000,20.0000,-52.2493,-64.0457,0,0
108.0000,20.0000,-51.7043,-63.9335,0,0
108.1000,20.0000,-51.1702,-63.8195,0,0
108.2000,20.0000,-50.6468,-63.7037,0,0
108.3000,20.0000,-50.1339,-63.5860,0,0
108.4000,20.0000,30.0000,-63.4662,1,0
108.5000,20.0000,-64.2000,-63.3444,0,0
108.6000,20.0000,-63.4160,-63.2204,0,0
108.7000,20.0000,-62.6477,-63.0942,0,0
108.8000,20.0000,-61.8947,-62.9656,0,0
108.9000,20.0000,-61.1568,-62.8345,0,0
109.0000,20.0000,-60.4337,-62.7008,0,0
109.1000,20.0000,-59.7250,-62.5645,0,0
109.2000,20.0000,-59.0305,-62.4252,0,0
109.3000,20.0000,-58.3499,-62.2830,0,0
109.4000,20.0000,-57.6829,-62.1377,0,0
109.5000,20.0000,-57.0292,-61.9891,0,0
109.6000,20.0000,-56.3887,-61.8370,0,0
109.7000,20.0000,-55.7609,-61.6813,0,0
109.8000,20.0000,-55.1457,-61.5217,0,0
109.9000,20.0000,-54.5428,-61.3581,0,0
110.0000,20.0000,-53.9519,-61.1902,0,0
110.1000,20.0000,-53.3729,-61.0178,0,0
110.2000,20.0000,-52.8054,-60.8406,0,0
110.3000,20.0000,-52.2493,-60.6583,0,0
110.4000,20.0000,-51.7043,-60.4706,0,0
110.5000,20.0000,-51.1702,-60.2772,0,0
110.6000,20.0000,-50.6468,-60.0777,0,0
110.7000,20.0000,-50.1339,-59.8717,0,0
110.8000,20.0000,30.0000,-59.6587,1,0
110.9000,20.0000,-64.2000,-59.4383,0,0
111.0000,20.0000,-63.4160,-59.2099,0,0
111.1000,20.0000,-62.6477,-58.9730,0,0
111.2000,20.0000,-61.8947,-58.7269,0,0
111.3000,20.0000,-61.1568,-58.4709,0,0
111.4000,20.0000,-60.4337,-58.2041,0,0
111.5000,20.0000,-59.7250,-57.9259,0,0
111.6000,20.0000,-59.0305,-57.6351,0,0
111.7000,20.0000,-58.3499,-57.3306,0,0
111.8000,20.0000,-57.6829,-57.0113,0,0
111.9000,20.0000,-57.0292,-56.6758,0,0
112.0000,20.0000,-56.3887,-56.3224,0,0
112.1000,20.0000,-55.7609,-55.9496,0,0
112.2000,20.0000,-55.1457,-55.5552,0,0
112.3000,20.0000,-54.5428,-55.1369,0,0
112.4000,20.0000,-53.9519,-54.6922,0,0
112.5000,20.0000,-53.3729,-54.2180,0,0
112.6000,20.0000,-52.8054,-53.7108,0,0
112.7000,20.0000,-52.2493,-53.1666,0,0
112.8000,20.0000,-51.7043,-52.5804,0,0
112.9000,20.0000,-51.1702,-51.9467,0,0
113.0000,20.0000,-50.6468,-51.2588,0,0
113.1000,20.0000,-50.1339,-50.5085,0,0
113.2000,20.0000,30.0000,-49.6862,1,0
113.3000,20.0000,-64.2000,-48.7800,0,0
113.4000,20.0000,-63.4160,-47.7754,0,0
113.5000,20.0000,-62.6477,-46.6543,0,0
113.6000,20.0000,-61.8947,-45.3940,0,0
113.7000,20.0000,-61.1568,-43.9654,0,0
113.8000,20.0000,-60.4337,-42.3311,0,0
113.9000,20.0000,-59.7250,-40.4418,0,0
114.0000,20.0000,-59.0305,-38.2315,0,0
114.1000,20.0000,-58.3499,-35.6098,0,0
114.2000,20.0000,-57.6829,-32.4498,0,0
114.3000,20.0000,-57.0292,-28.5685,0,0
114.4000,20.0000,-56.3887,-23.6923,0,0
114.5000,20.0000,-55.7609,-17.3960,0,0
114.6000,20.0000,-55.1457,-8.9852,0,0
114.7000,20.0000,-54.5428,2.7443,0,0
114.8000,20.0000,-53.9519,20.0463,0,0
114.9000,20.0000,-53.3729,30.0000,0,1
115.0000,20.0000,-52.8054,-65.5008,0,0
115.1000,20.0000,-52.2493,-65.9861,0,0
115.2000,20.0000,-51.7043,-66.4544,0,0
115.3000,20.0000,-51.1702,-66.9044,0,0
115.4000,20.0000,-50.6468,-67.3349,0,0
115.5000,20.0000,-50.1339,-67.7450,0,0
115.6000,20.0000,30.0000,-68.1342,1,0
115.7000,20.0000,-64.2000,-68.5019,0,0
115.8000,20.0000,-63.4160,-68.8481,0,0
115.9000,20.0000,-62.6477,-69.1727,0,0
116.0000,20.0000,-61.8947,-69.4759,0,0
116.1000,20.0000,-61.1568,-69.7581,0,0
116.2000,20.0000,-60.4337,-70.0197,0,0
116.3000,20.0000,-59.7250,-70.2614,0,0
116.4000,20.0000,-59.0305,-70.4839,0,0
116.5000,20.0000,-58.3499,-70.6878,0,0
116.6000,20.0000,-57.6829,-70.8740,0,0
116.7000,20.0000,-57.0292,-71.0435,0,0
116.8000,20.0000,-56.3887,-71.1969,0,0
116.9000,20.0000,-55.7609,-71.3354,0,0
117.0000,20.0000,-55.1457,-71.4596,0,0
117.1000,20.0000,-54.5428,-71.5705,0,0
117.2000,20.0000,-53.9519,-71.6689,0,0
117.3000,20.0000,-53.3729,-71.7557,0,0
117.4000,20.0000,-52.8054,-71.8316,0,0
117.5000,20.0000,-52.2493,-71.8975,0,0
117.6000,20.0000,-51.7043,-71.9539,0,0
117.7000,20.0000,-51.1702,-72.0016,0,0
117.8000,20.0000,-50.6468,-72.0413,0,0
117.9000,20.0000,-50.1339,-72.0736,0,0
118.0000,20.0000,30.0000,-72.0989,1,0
118.1000,20.0000,-64.2000,-72.1179,0,0
118.2000,20.0000,-63.4160,-72.1310,0,0
118.3000,20.0000,-62.6477,-72.1387,0,0
118.4000,20.0000,-61.8947,-72.1414,0,0
118.5000,20.0000,-61.1568,-72.1395,0,0
118.6000,20.0000,-60.4337,-72.1334,0,0
118.7000,20.0000,-59.7250,-72.1234,0,0
118.8000,20.0000,-59.0305,-72.1098,0,0
118.9000,20.0000,-58.3499,-72.0929,0,0
119.0000,20.0000,-57.6829,-72.0730,0,0
119.1000,20.0000,-57.0292,-72.0502,0,0
119.2000,20.0000,-56.3887,-72.0249,0,0
119.3000,20.0000,-55.7609,-71.9972,0,0
119.4000,20.0000,-55.1457,-71.9673,0,0
119.5000,20.0000,-54.5428,-71.9354,0,0
119.6000,20.0000,-53.9519,-71.9016,0,0
119.7000,20.0000,-53.3729,-71.8661,0,0
119.8000,20.0000,-52.8054,-71.8290,0,0
119.9000,20.0000,-52.2493,-71.7904,0,0
120.0000,20.0000,-51.7043,-71.7505,0,0
120.1000,20.0000,-51.1702,-71.7093,0,0
120.2000,20.0000,-50.6468,-71.6669,0,0
120.3000,20.0000,-50.1339,-71.6234,0,0
120.4000,20.0000,30.0000,-71.5788,1,0
120.5000,20.0000,-64.2000,-71.5334,0,0
120.6000,20.0000,-63.4160,-71.4870,0,0
120.7000,20.0000,-62.6477,-71.4398,0,0
120.8000,20.0000,-61.8947,-71.3919,0,0
120.9000,20.0000,-61.1568,-71.3432,0,0
121.0000,20.0000,-60.4337,-71.2938,0,0
121.1000,20.0000,-59.7250,-71.2438,0,0
121.2000,20.0000,-59.0305,-71.1931,0,0
121.3000,20.0000,-58.3499,-71.1419,0,0
121.4000,20.0000,-57.6829,-71.0902,0,0
121.5000,20.0000,-57.0292,-71.0379,0,0
121.6000,20.0000,-56.3887,-70.9851,0,0
121.7000,20.0000,-55.7609,-70.9318,0,0
121.8000,20.0000,-55.1457,-70.8781,0,0
121.9000,20.0000,-54.5428,-70.8240,0,0
122.0000,20.0000,-53.9519,-70.7694,0,0
122.1000,20.0000,-53.3729,-70.7144,0,0
122.2000,20.0000,-52.8054,-70.6590,0,0
122.3000,20.0000,-52.2493,-70.6033,0,0
122.4000,20.0000,-51.7043,-70.5472,0,0
122.5000,20.0000,-51.1702,-70.4907,0,0
122.6000,20.0000,-50.6468,-70.4339,0,0
122.7000,20.0000,-50.1339,-70.3767,0,0
122.8000,20.0000,30.0000,-70.3191,1,0
122.9000,20.0000,-64.2000,-70.2613,0,0
123.0000,20.0000,-63.4160,-70.2031,0,0
123.1000,20.0000,-62.6477,-70.1446,0,0
123.2000,20.0000,-61.8947,-70.0857,0,0
123.3000,20.0000,-61.1568,-70.0266,0,0
123.4000,20.0000,-60.4337,-69.9671,0,0
123.5000,20.0000,-59.7250,-69.9073,0,0
123.6000,20.0000,-59.0305,-69.8472,0,0
123.7000,20.0000,-58.3499,-69.7868,0,0
123.8000,20.0000,-57.6829,-69.7260,0,0
123.9000,20.0000,-57.0292,-69.6649,0,0
124.0000,20.0000,-56.3887,-69.6036,0,0
124.1000,20.0000,-55.7609,-69.5418,0,0
124.2000,20.0000,-55.1457,-69.4798,0,0
124.3000,20.0000,-54.5428,-69.4175,0,0
124.4000,20.0000,-53.9519,-69.3548,0,0
124.5000,20.0000,-53.3729,-69.2918,0,0
124.6000,20.0000,-52.8054,-69.2284,0,0
124.7000,20.0000,-52.2493,-69.1647,0,0
124.8000,20.0000,-51.7043,-69.1007,0,0
124.9000,20.0000,-51.1702,-69.0363,0,0
125.0000,20.0000,-50.6468,-68.9716,0,0
125.1000,20.0000,-50.1339,-68.9065,0,0
125.2000,20.0000,30.0000,-68.8411,1,0
125.3000,20.0000,-64.2000,-68.7753,0,0
125.4000,20.0000,-63.4160,-68.7091,0,0
125.5000,20.0000,-62.6477,-68.6425,0,0
125.6000,20.0000,-61.8947,-68.5756,0,0
125.7000,20.0000,-61.1568,-68.5082,0,0
125.8000,20.0000,-60.4337,-68.4405,0,0
125.9000,20.0000,-59.7250,-68.3724,0,0
126.0000,20.0000,-59.0305,-68.3038,0,0
126.1000,20.0000,-58.3499,-68.2348,0,0
126.2000,20.0000,-57.6829,-68.1654,0,0
126.3000,20.0000,-57.0292,-68.0956,0,0
126.4000,20.0000,-56.3887,-68.0253,0,0
126.5000,20.0000,-55.7609,-67.9545,0,0
126.6000,20.0000,-55.1457,-67.8833,0,0
126.7000,20.0000,-54.5428,-67.8116,0,0
126.8000,20.0000,-53.9519,-67.7394,0,0
126.9000,20.0000,-53.3729,-67.6667,0,0
127.0000,20.0000,-52.8054,-67.5936,0,0
127.1000,20.0000,-52.2493,-67.5199,0,0
127.2000,20.0000,-51.7043,-67.4456,0,0
127.3000,20.0000,-51.1702,-67.3708,0,0
127.4000,20.0000,-50.6468,-67.2955,0,0
127.5000,20.0000,-50.1339,-67.2196,0,0
127.6000,20.0000,30.0000,-67.1431,1,0
127.7000,20.0000,-64.2000,-67.0660,0,0
127.8000,20.0000,-63.4160,-66.9883,0,0
127.9000,20.0000,-62.6477,-66.9099,0,0
128.0000,20.0000,-61.8947,-66.8309,0,0
128.1000,20.0000,-61.1568,-66.7513,0,0
128.2000,20.0000,-60.4337,-66.6710,0,0
128.3000,20.0000,-59.7250,-66.5899,0,0
128.4000,20.0000,-59.0305,-66.5082,0,0
128.5000,20.0000,-58.3499,-66.4257,0,0
128.6000,20.0000,-57.6829,-66.3425,0,0
128.7000,20.0000,-57.0292,-66.2585,0,0
128.8000,20.0000,-56.3887,-66.1736,0,0
128.9000,20.0000,-55.7609,-66.0880,0,0
129.0000,20.0000,-55.1457,-66.0015,0,0
129.1000,20.0000,-54.5428,-65.9142,0,0
129.2000,20.0000,-53.9519,-65.8259,0,0
129.3000,20.0000,-53.3729,-65.7368,0,0
129.4000,20.0000,-52.8054,-65.6466,0,0
129.5000,20.0000,-52.2493,-65.5555,0,0
129.6000,20.0000,-51.7043,-65.4634,0,0
129.7000,20.0000,-51.1702,-65.3702,0,0
129.8000,20.0000,-50.6468,-65.2760,0,0
129.9000,20.0000,-50.1339,-65.1806,0,0
130.0000,20.0000,30.0000,-65.0841,1,0
130.1000,20.0000,-64.2000,-64.9865,0,0
130.2000,20.0000,-63.4160,-64.8875,0,0
130.3000,20.0000,-62.6477,-64.7873,0,0
130.4000,20.0000,-61.8947,-64.6858,0,0
130.5000,20.0000,-61.1568,-64.5829,0,0
130.6000,20.0000,-60.4337,-64.4786,0,0
130.7000,20.0000,-59.7250,-64.3729,0,0
130.8000,20.0000,-59.0305,-64.2656,0,0
130.9000,20.0000,-58.3499,-64.1568,0,0
131.0000,20.0000,-57.6829,-64.0463,0,0
131.1000,20.0000,-57.0292,-63.9341,0,0
131.2000,20.0000,-56.3887,-63.8201,0,0
131.3000,20.0000,-55.7609,-63.7043,0,0
131.4000,20.0000,-55.1457,-63.5866,0,0
131.5000,20.0000,-54.5428,-63.4669,0,0
131.6000,20.0000,-53.9519,-63.3451,0,0
131.7000,20.0000,-53.3729,-63.2211,0,0
131.8000,20.0000,-52.8054,-63.0949,0,0
131.9000,20.0000,-52.2493,-62.9663,0,0
132.0000,20.0000,-51.7043,-62.8352,0,0
132.1000,20.0000,-51.1702,-62.7016,0,0
132.2000,20.0000,-50.6468,-62.5652,0,0
132.3000,20.0000,-50.1339,-62.4260,0,0
132.4000,20.0000,30.0000,-62.2838,1,0
132.5000,20.0000,-64.2000,-62.1385,0,0
132.6000,20.0000,-63.4160,-61.9899,0,0
132.7000,20.0000,-62.6477,-61.8378,0,0
132.8000,20.0000,-61.8947,-61.6821,0,0
132.9000,20.0000,-61.1568,-61.5226,0,0
133.0000,20.0000,-60.4337,-61.3590,0,0
133.1000,20.0000,-59.7250,-61.1911,0,0
133.2000,20.0000,-59.0305,-61.0187,0,0
133.3000,20.0000,-58.3499,-60.8416,0,0
133.4000,20.0000,-57.6829,-60.6593,0,0
133.5000,20.0000,-57.0292,-60.4717,0,0
133.6000,20.0000,-56.3887,-60.2783,0,0
133.7000,20.0000,-55.7609,-60.0788,0,0
133.8000,20.0000,-55.1457,-59.8728,0,0
133.9000,20.0000,-54.5428,-59.6599,0,0
134.0000,20.0000,-53.9519,-59.4395,0,0
134.1000,20.0000,-53.3729,-59.2112,0,0
134.2000,20.0000,-52.8054,-58.9743,0,0
134.3000,20.0000,-52.2493,-58.7282,0,0
134.4000,20.0000,-51.7043,-58.4723,0,0
134.5000,20.0000,-51.1702,-58.2056,0,0
134.6000,20.0000,-50.6468,-57.9274,0,0
134.7000,20.0000,-50.1339,-57.6367,0,0
134.8000,20.0000,30.0000,-57.3323,1,0
134.9000,20.0000,-64.2000,-57.0131,0,0
135.0000,20.0000,-63.4160,-56.6776,0,0
135.1000,20.0000,-62.6477,-56.3244,0,0
135.2000,20.0000,-61.8947,-55.9516,0,0
135.3000,20.0000,-61.1568,-55.5573,0,0
135.4000,20.0000,-60.4337,-55.1392,0,0
135.5000,20.0000,-59.7250,-54.6947,0,0
135.6000,20.0000,-59.0305,-54.2207,0,0
135.7000,20.0000,-58.3499,-53.7137,0,0
135.8000,20.0000,-57.6829,-53.1696,0,0
135.9000,20.0000,-57.0292,-52.5837,0,0
136.0000,20.0000,-56.3887,-51.9503,0,0
136.1000,20.0000,-55.7609,-51.2626,0,0
136.2000,20.0000,-55.1457,-50.5127,0,0
136.3000,20.0000,-54.5428,-49.6908,0,0
136.4000,20.0000,-53.9519,-48.7851,0,0
136.5000,20.0000,-53.3729,-47.7811,0,0
136.6000,20.0000,-52.8054,-46.6607,0,0
136.7000,20.0000,-52.2493,-45.4011,0,0
136.8000,20.0000,-51.7043,-43.9736,0,0
136.9000,20.0000,-51.1702,-42.3405,0,0
137.0000,20.0000,-50.6468,-40.4528,0,0
137.1000,20.0000,-50.1339,-38.2444,0,0
137.2000,20.0000,30.0000,-35.6252,1,0
137.3000,20.0000,-64.2000,-32.4686,0,0
137.4000,20.0000,-63.4160,-28.5917,0,0
137.5000,20.0000,-62.6477,-23.7219,0,0
137.6000,20.0000,-61.8947,-17.4348,0,0
137.7000,20.0000,-61.1568,-9.0380,0,0
137.8000,20.0000,-60.4337,2.6690,0,0
137.9000,20.0000,-59.7250,19.9317,0,0
138.0000,20.0000,-59.0305,30.0000,0,1
138.1000,20.0000,-58.3499,-65.5007,0,0
138.2000,20.0000,-57.6829,-65.9861,0,0
138.3000,20.0000,-57.0292,-66.4544,0,0
138.4000,20.0000,-56.3887,-66.9044,0,0
138.5000,20.0000,-55.7609,-67.3348,0,0
138.6000,20.0000,-55.1457,-67.7450,0,0
138.7000,20.0000,-54.5428,-68.1341,0,0
138.8000,20.0000,-53.9519,-68.5019,0,0
138.9000,20.0000,-53.3729,-68.8481,0,0
139.0000,20.0000,-52.8054,-69.1727,0,0
139.1000,20.0000,-52.2493,-69.4759,0,0
139.2000,20.0000,-51.7043,-69.7581,0,0
139.3000,20.0000,-51.1702,-70.0197,0,0
139.4000,20.0000,-50.6468,-70.2614,0,0
139.5000,20.0000,-50.1339,-70.4838,0,0
139.6000,20.0000,30.0000,-70.6877,1,0
139.7000,20.0000,-64.2000,-70.8740,0,0
139.8000,20.0000,-63.4160,-71.0434,0,0
139.9000,20.0000,-62.6477,-71.1969,0,0
140.0000,20.0000,-61.8947,-71.3353,0,0
140.1000,20.0000,-61.1568,-71.4595,0,0
140.2000,20.0000,-60.4337,-71.5704,0,0
140.3000,20.0000,-59.7250,-71.6689,0,0
140.4000,20.0000,-59.0305,-71.7557,0,0
140.5000,20.0000,-58.3499,-71.8316,0,0
140.6000,20.0000,-57.6829,-71.8974,0,0
140.7000,20.0000,-57.0292,-71.9538,0,0
140.8000,20.0000,-56.3887,-72.0016,0,0
140.9000,20.0000,-55.7609,-72.0413,0,0
141.0000,20.0000,-55.1457,-72.0735,0,0
141.1000,20.0000,-54.5428,-72.0988,0,0
141.2000,20.0000,-53.9519,-72.1178,0,0
141.3000,20.0000,-53.3729,-72.1309,0,0
141.4000,20.0000,-52.8054,-72.1386,0,0
141.5000,20.0000,-52.2493,-72.1413,0,0
141.6000,20.0000,-51.7043,-72.1395,0,0
141.7000,20.0000,-51.1702,-72.1333,0,0
141.8000,20.0000,-50.6468,-72.1233,0,0
141.9000,20.0000,-50.1339,-72.1098,0,0
142.0000,20.0000,30.0000,-72.0929,1,0
142.1000,20.0000,-64.2000,-72.0729,0,0
142.2000,20.0000,-63.4160,-72.0502,0,0
142.3000,20.0000,-62.6477,-72.0249,0,0
142.4000,20.0000,-61.8947,-71.9972,0,0
142.5000,20.0000,-61.1568,-71.9673,0,0
142.6000,20.0000,-60.4337,-71.9354,0,0
142.7000,20.0000,-59.7250,-71.9016,0,0
142.8000,20.0000,-59.0305,-71.8661,0,0
142.9000,20.0000,-58.3499,-71.8290,0,0
143.0000,20.0000,-57.6829,-71.7904,0,0
143.1000,20.0000,-57.0292,-71.7504,0,0
143.2000,20.0000,-56.3887,-71.7092,0,0
143.3000,20.0000,-55.7609,-71.6668,0,0
143.4000,20.0000,-55.1457,-71.6233,0,0
143.5000,20.0000,-54.5428,-71.5788,0,0
143.6000,20.0000,-53.9519,-71.5333,0,0
143.7000,20.0000,-53.3729,-71.4869,0,0
143.8000,20.0000,-52.8054,-71.4398,0,0
143.9000,20.0000,-52.2493,-71.3918,0,0
144.0000,20.0000,-51.7043,-71.3431,0,0
144.1000,20.0000,-51.1702,-71.2937,0,0
144.2000,20.0000,-50.6468,-71.2437,0,0
144.3000,20.0000,-50.1339,-71.1931,0,0
144.4000,20.0000,30.0000,-71.1419,1,0
144.5000,20.0000,-64.2000,-71.0901,0,0
144.6000,20.0000,-63.4160,-71.0378,0,0
144.7000,20.0000,-62.6477,-70.9850,0,0
144.8000,20.0000,-61.8947,-70.9318,0,0
144.9000,20.0000,-61.1568,-70.8781,0,0
145.0000,20.0000,-60.4337,-70.8239,0,0
145.1000,20.0000,-59.7250,-70.7693,0,0
145.2000,20.0000,-59.0305,-70.7144,0,0
145.3000,20.0000,-58.3499,-70.6590,0,0
145.4000,20.0000,-57.6829,-70.6032,0,0
145.5000,20.0000,-57.0292,-70.5471,0,0
145.6000,20.0000,-56.3887,-70.4906,0,0
145.7000,20.0000,-55.7609,-70.4338,0,0
145.8000,20.0000,-55.1457,-70.3766,0,0
145.9000,20.0000,-54.5428,-70.3191,0,0
146.0000,20.0000,-53.9519,-70.2612,0,0
146.1000,20.0000,-53.3729,-70.2030,0,0
146.2000,20.0000,-52.8054,-70.1445,0,0
146.3000,20.0000,-52.2493,-70.0857,0,0
146.4000,20.0000,-51.7043,-70.0265,0,0
146.5000,20.0000,-51.1702,-69.9670,0,0
146.6000,20.0000,-50.6468,-69.9072,0,0
146.7000,20.0000,-50.1339,-69.8471,0,0
146.8000,20.0000,30.0000,-69.7867,1,0
146.9000,20.0000,-64.2000,-69.7259,0,0
147.0000,20.0000,-63.4160,-69.6649,0,0
147.1000,20.0000,-62.6477,-69.6035,0,0
147.2000,20.0000,-61.8947,-69.5418,0,0
147.3000,20.0000,-61.1568,-69.4798,0,0
147.4000,20.0000,-60.4337,-69.4174,0,0
147.5000,20.0000,-59.7250,-69.3547,0,0
147.6000,20.0000,-59.0305,-69.2917,0,0
147.7000,20.0000,-58.3499,-69.2284,0,0
147.8000,20.0000,-57.6829,-69.1647,0,0
147.9000,20.0000,-57.0292,-69.1006,0,0
148.0000,20.0000,-56.3887,-69.0363,0,0
148.1000,20.0000,-55.7609,-68.9715,0,0
148.2000,20.0000,-55.1457,-68.9065,0,0
148.3000,20.0000,-54.5428,-68.8410,0,0
148.4000,20.0000,-53.9519,-68.7752,0,0
148.5000,20.0000,-53.3729,-68.7090,0,0
148.6000,20.0000,-52.8054,-68.6425,0,0
148.7000,20.0000,-52.2493,-68.5755,0,0
148.8000,20.0000,-51.7043,-68.5082,0,0
148.9000,20.0000,-51.1702,-68.4404,0,0
149.0000,20.0000,-50.6468,-68.3723,0,0
149.1000,20.0000,-50.1339,-68.3037,0,0
149.2000,20.0000,30.0000,-68.2347,1,0
149.3000,20.0000,-64.2000,-68.1653,0,0
149.4000,20.0000,-63.4160,-68.0955,0,0
149.5000,20.0000,-62.6477,-68.0252,0,0
149.6000,20.0000,-61.8947,-67.9544,0,0
149.7000,20.0000,-61.1568,-67.8832,0,0
149.8000,20.0000,-60.4337,-67.8115,0,0
149.9000,20.0000,-59.7250,-67.7393,0,0
150.0000,20.0000,-59.0305,-67.6667,0,0
150.1000,20.0000,-58.3499,-67.5935,0,0
150.2000,20.0000,-57.6829,-67.5198,0,0
150.3000,20.0000,-57.0292,-67.4455,0,0
150.4000,20.0000,-56.3887,-67.3707,0,0
150.5000,20.0000,-55.7609,-67.2954,0,0
150.6000,20.0000,-55.1457,-67.2195,0,0
150.7000,20.0000,-54.5428,-67.1430,0,0
150.8000,20.0000,-53.9519,-67.0659,0,0
150.9000,20.0000,-53.3729,-66.9882,0,0
151.0000,20.0000,-52.8054,-66.9098,0,0
151.1000,20.0000,-52.2493,-66.8309,0,0
151.2000,20.0000,-51.7043,-66.7512,0,0
151.3000,20.0000,-51.1702,-66.6709,0,0
151.4000,20.0000,-50.6468,-66.5899,0,0
151.5000,20.0000,-50.1339,-66.5081,0,0
151.6000,20.0000,30.0000,-66.4256,1,0
151.7000,20.0000,-64.2000,-66.3424,0,0
151.8000,20.0000,-63.4160,-66.2584,0,0
151.9000,20.0000,-62.6477,-66.1736,0,0
152.0000,20.0000,-61.8947,-66.0879,0,0
152.1000,20.0000,-61.1568,-66.0015,0,0
152.2000,20.0000,-60.4337,-65.9141,0,0
152.3000,20.0000,-59.7250,-65.8259,0,0
152.4000,20.0000,-59.0305,-65.7367,0,0
152.5000,20.0000,-58.3499,-65.6466,0,0
152.6000,20.0000,-57.6829,-65.5555,0,0
152.7000,20.0000,-57.0292,-65.4633,0,0
152.8000,20.0000,-56.3887,-65.3702,0,0
152.9000,20.0000,-55.7609,-65.2759,0,0
153.0000,20.0000,-55.1457,-65.1806,0,0
153.1000,20.0000,-54.5428,-65.0840,0,0
153.2000,20.0000,-53.9519,-64.9864,0,0
153.3000,20.0000,-53.3729,-64.8874,0,0
153.4000,20.0000,-52.8054,-64.7872,0,0
153.5000,20.0000,-52.2493,-64.6857,0,0
153.6000,20.0000,-51.7043,-64.5828,0,0
153.7000,20.0000,-51.1702,-64.4785,0,0
153.8000,20.0000,-50.6468,-64.3728,0,0
153.9000,20.0000,-50.1339,-64.2655,0,0
154.0000,20.0000,30.0000,-64.1566,1,0
154.1000,20.0000,-64.2000,-64.0461,0,0
154.2000,20.0000,-63.4160,-63.9339,0,0
154.3000,20.0000,-62.6477,-63.8200,0,0
154.4000,20.0000,-61.8947,-63.7042,0,0
154.5000,20.0000,-61.1568,-63.5865,0,0
154.6000,20.0000,-60.4337,-63.4667,0,0
154.7000,20.0000,-59.7250,-63.3449,0,0
154.8000,20.0000,-59.0305,-63.2210,0,0
154.9000,20.0000,-58.3499,-63.0947,0,0
155.0000,20.0000,-57.6829,-62.9661,0,0
155.1000,20.0000,-57.0292,-62.8351,0,0
155.2000,20.0000,-56.3887,-62.7014,0,0
155.3000,20.0000,-55.7609,-62.5650,0,0
155.4000,20.0000,-55.1457,-62.4258,0,0
155.5000,20.0000,-54.5428,-62.2836,0,0
155.6000,20.0000,-53.9519,-62.1383,0,0
155.7000,20.0000,-53.3729,-61.9897,0,0
155.8000,20.0000,-52.8054,-61.8376,0,0
155.9000,20.0000,-52.2493,-61.6819,0,0
156.0000,20.0000,-51.7043,-61.5224,0,0
156.1000,20.0000,-51.1702,-61.3588,0,0
156.2000,20.0000,-50.6468,-61.1909,0,0
156.3000,20.0000,-50.1339,-61.0186,0,0
156.4000,20.0000,30.0000,-60.8414,1,0
156.5000,20.0000,-64.2000,-60.6591,0,0
156.6000,20.0000,-63.4160,-60.4714,0,0
156.7000,20.0000,-62.6477,-60.2781,0,0
156.8000,20.0000,-61.8947,-60.0786,0,0
156.9000,20.0000,-61.1568,-59.8726,0,0
157.0000,20.0000,-60.4337,-59.6596,0,0
157.1000,20.0000,-59.7250,-59.4392,0,0
157.2000,20.0000,-59.0305,-59.2109,0,0
157.3000,20.0000,-58.3499,-58.9740,0,0
157.4000,20.0000,-57.6829,-58.7279,0,0
157.5000,20.0000,-57.0292,-58.4720,0,0
157.6000,20.0000,-56.3887,-58.2053,0,0
157.7000,20.0000,-55.7609,-57.9271,0,0
157.8000,20.0000,-55.1457,-57.6363,0,0
157.9000,20.0000,-54.5428,-57.3319,0,0
158.0000,20.0000,-53.9519,-57.0127,0,0
158.1000,20.0000,-53.3729,-56.6772,0,0
158.2000,20.0000,-52.8054,-56.3240,0,0
158.3000,20.0000,-52.2493,-55.9512,0,0
158.4000,20.0000,-51.7043,-55.5569,0,0
158.5000,20.0000,-51.1702,-55.1387,0,0
158.6000,20.0000,-50.6468,-54.6941,0,0
158.7000,20.0000,-50.1339,-54.2201,0,0
158.8000,20.0000,30.0000,-53.7131,1,0
158.9000,20.0000,-64.2000,-53.1689,0,0
159.0000,20.0000,-63.4160,-52.5830,0,0
159.1000,20.0000,-62.6477,-51.9495,0,0
159.2000,20.0000,-61.8947,-51.2618,0,0
159.3000,20.0000,-61.1568,-50.5118,0,0
159.4000,20.0000,-60.4337,-49.6898,0,0
159.5000,20.0000,-59.7250,-48.7840,0,0
159.6000,20.0000,-59.0305,-47.7799,0,0
159.7000,20.0000,-58.3499,-46.6593,0,0
159.8000,20.0000,-57.6829,-45.3996,0,0
159.9000,20.0000,-57.0292,-43.9718,0,0
160.0000,20.0000,-56.3887,-42.3385,0,0
160.1000,20.0000,-55.7609,-40.4504,0,0
160.2000,20.0000,-55.1457,-38.2416,0,0
160.3000,20.0000,-54.5428,-35.6219,0,0
160.4000,20.0000,-53.9519,-32.4645,0,0
160.5000,20.0000,-53.3729,-28.5867,0,0
160.6000,20.0000,-52.8054,-23.7154,0,0
160.7000,20.0000,-52.2493,-17.4263,0,0
160.8000,20.0000,-51.7043,-9.0265,0,0
160.9000,20.0000,-51.1702,2.6854,0,0
161.0000,20.0000,-50.6468,19.9566,0,0
161.1000,20.0000,-50.1339,30.0000,0,1
161.2000,20.0000,30.0000,-65.5007,1,0
161.3000,20.0000,-64.2000,-65.9861,0,0
161.4000,20.0000,-63.4160,-66.4544,0,0
161.5000,20.0000,-62.6477,-66.9044,0,0
161.6000,20.0000,-61.8947,-67.3349,0,0
161.7000,20.0000,-61.1568,-67.7450,0,0
161.8000,20.0000,-60.4337,-68.1341,0,0
161.9000,20.0000,-59.7250,-68.5019,0,0
162.0000,20.0000,-59.0305,-68.8481,0,0
162.1000,20.0000,-58.3499,-69.1727,0,0
162.2000,20.0000,-57.6829,-69.4759,0,0
162.3000,20.0000,-57.0292,-69.7581,0,0
162.4000,20.0000,-56.3887,-70.0197,0,0
162.5000,20.0000,-55.7609,-70.2614,0,0
162.6000,20.0000,-55.1457,-70.4838,0,0
162.7000,20.0000,-54.5428,-70.6878,0,0
162.8000,20.0000,-53.9519,-70.8740,0,0
162.9000,20.0000,-53.3729,-71.0434,0,0
163.0000,20.0000,-52.8054,-71.1969,0,0
163.1000,20.0000,-52.2493,-71.3353,0,0
163.2000,20.0000,-51.7043,-71.4595,0,0
163.3000,20.0000,-51.1702,-71.5704,0,0
163.4000,20.0000,-50.6468,-71.6689,0,0
163.5000,20.0000,-50.1339,-71.7557,0,0
163.6000,20.0000,30.0000,-71.8316,1,0
163.7000,20.0000,-64.2000,-71.8974,0,0
163.8000,20.0000,-63.4160,-71.9539,0,0
163.9000,20.0000,-62.6477,-72.0016,0,0
164.0000,20.0000,-61.8947,-72.0413,0,0
164.1000,20.0000,-61.1568,-72.0735,0,0
164.2000,20.0000,-60.4337,-72.0988,0,0
164.3000,20.0000,-59.7250,-72.1178,0,0
164.4000,20.0000,-59.0305,-72.1309,0,0
164.5000,20.0000,-58.3499,-72.1386,0,0
164.6000,20.0000,-57.6829,-72.1413,0,0
164.7000,20.0000,-57.0292,-72.1395,0,0
164.8000,20.0000,-56.3887,-72.1334,0,0
164.9000,20.0000,-55.7609,-72.1234,0,0
165.0000,20.0000,-55.1457,-72.1098,0,0
165.1000,20.0000,-54.5428,-72.0929,0,0
165.2000,20.0000,-53.9519,-72.0729,0,0
165.3000,20.0000,-53.3729,-72.0502,0,0
165.4000,20.0000,-52.8054,-72.0249,0,0
165.5000,20.0000,-52.2493,-71.9972,0,0
165.6000,20.0000,-51.7043,-71.9673,0,0
165.7000,20.0000,-51.1702,-71.9354,0,0
165.8000,20.0000,-50.6468,-71.9016,0,0
165.9000,20.0000,-50.1339,-71.8661,0,0
166.0000,20.0000,30.0000,-71.8290,1,0
166.1000,20.0000,-64.2000,-71.7904,0,0
166.2000,20.0000,-63.4160,-71.7504,0,0
166.3000,20.0000,-62.6477,-71.7092,0,0
166.4000,20.0000,-61.8947,-71.6668,0,0
166.5000,20.0000,-61.1568,-71.6233,0,0
166.6000,20.0000,-60.4337,-71.5788,0,0
166.7000,20.0000,-59.7250,-71.5333,0,0
166.8000,20.0000,-59.0305,-71.4870,0,0
166.9000,20.0000,-58.3499,-71.4398,0,0
167.0000,20.0000,-57.6829,-71.3918,0,0
167.1000,20.0000,-57.0292,-71.3431,0,0
167.2000,20.0000,-56.3887,-71.2937,0,0
167.3000,20.0000,-55.7609,-71.2437,0,0
167.4000,20.0000,-55.1457,-71.1931,0,0
167.5000,20.0000,-54.5428,-71.1419,0,0
167.6000,20.0000,-53.9519,-71.0901,0,0
167.7000,20.0000,-53.3729,-71.0378,0,0
167.8000,20.0000,-52.8054,-70.9850,0,0
167.9000,20.0000,-52.2493,-70.9318,0,0
168.0000,20.0000,-51.7043,-70.8781,0,0
168.1000,20.0000,-51.1702,-70.8239,0,0
168.2000,20.0000,-50.6468,-70.7693,0,0
168.3000,20.0000,-50.1339,-70.7144,0,0
168.4000,20.0000,30.0000,-70.6590,1,0
168.5000,20.0000,-64.2000,-70.6032,0,0
168.6000,20.0000,-63.4160,-70.5471,0,0
168.7000,20.0000,-62.6477,-70.4906,0,0
168.8000,20.0000,-61.8947,-70.4338,0,0
168.9000,20.0000,-61.1568,-70.3766,0,0
169.0000,20.0000,-60.4337,-70.3191,0,0
169.1000,20.0000,-59.7250,-70.2612,0,0
169.2000,20.0000,-59.0305,-70.2030,0,0
169.3000,20.0000,-58.3499,-70.1445,0,0
169.4000,20.0000,-57.6829,-70.0857,0,0
169.5000,20.0000,-57.0292,-70.0265,0,0
169.6000,20.0000,-56.3887,-69.9670,0,0
169.7000,20.0000,-55.7609,-69.9072,0,0
169.8000,20.0000,-55.1457,-69.8471,0,0
169.9000,20.0000,-54.5428,-69.7867,0,0
170.0000,20.0000,-53.9519,-69.7260,0,0
170.1000,20.0000,-53.3729,-69.6649,0,0
170.2000,20.0000,-52.8054,-69.6035,0,0
170.3000,20.0000,-52.2493,-69.5418,0,0
170.4000,20.0000,-51.7043,-69.4798,0,0
170.5000,20.0000,-51.1702,-69.4174,0,0
170.6000,20.0000,-50.6468,-69.3547,0,0
170.7000,20.0000,-50.1339,-69.2917,0,0
170.8000,20.0000,30.0000,-69.2284,1,0
170.9000,20.0000,-64.2000,-69.1647,0,0
171.0000,20.0000,-63.4160,-69.1006,0,0
171.1000,20.0000,-62.6477,-69.0363,0,0
171.2000,20.0000,-61.8947,-68.9715,0,0
171.3000,20.0000,-61.1568,-68.9065,0,0
171.4000,20.0000,-60.4337,-68.8410,0,0
171.5000,20.0000,-59.7250,-68.7752,0,0
171.6000,20.0000,-59.0305,-68.7090,0,0
171.7000,20.0000,-58.3499,-68.6425,0,0
171.8000,20.0000,-57.6829,-68.5755,0,0
171.9000,20.0000,-57.0292,-68.5082,0,0
172.0000,20.0000,-56.3887,-68.4404,0,0
172.1000,20.0000,-55.7609,-68.3723,0,0
172.2000,20.0000,-55.1457,-68.3037,0,0
172.3000,20.0000,-54.5428,-68.2347,0,0
172.4000,20.0000,-53.9519,-68.1653,0,0
172.5000,20.0000,-53.3729,-68.0955,0,0
172.6000,20.0000,-52.8054,-68.0252,0,0
172.7000,20.0000,-52.2493,-67.9544,0,0
172.8000,20.0000,-51.7043,-67.8832,0,0
172.9000,20.0000,-51.1702,-67.8115,0,0
173.0000,20.0000,-50.6468,-67.7393,0,0
173.1000,20.0000,-50.1339,-67.6667,0,0
173.2000,20.0000,30.0000,-67.5935,1,0
173.3000,20.0000,-64.2000,-67.5198,0,0
173.4000,20.0000,-63.4160,-67.4455,0,0
173.5000,20.0000,-62.6477,-67.3708,0,0
173.6000,20.0000,-61.8947,-67.2954,0,0
173.7000,20.0000,-61.1568,-67.2195,0,0
173.8000,20.0000,-60.4337,-67.1430,0,0
173.9000,20.0000,-59.7250,-67.0659,0,0
174.0000,20.0000,-59.0305,-66.9882,0,0
174.1000,20.0000,-58.3499,-66.9099,0,0
174.2000,20.0000,-57.6829,-66.8309,0,0
174.3000,20.0000,-57.0292,-66.7512,0,0
174.4000,20.0000,-56.3887,-66.6709,0,0
174.5000,20.0000,-55.7609,-66.5899,0,0
174.6000,20.0000,-55.1457,-66.5081,0,0
174.7000,20.0000,-54.5428,-66.4257,0,0
174.8000,20.0000,-53.9519,-66.3424,0,0
174.9000,20.0000,-53.3729,-66.2584,0,0
175.0000,20.0000,-52.8054,-66.1736,0,0
175.1000,20.0000,-52.2493,-66.0880,0,0
175.2000,20.0000,-51.7043,-66.0015,0,0
175.3000,20.0000,-51.1702,-65.9141,0,0
175.4000,20.0000,-50.6468,-65.8259,0,0
175.5000,20.0000,-50.1339,-65.7367,0,0
175.6000,20.0000,30.0000,-65.6466,1,0
175.7000,20.0000,-64.2000,-65.5555,0,0
175.8000,20.0000,-63.4160,-65.4633,0,0
175.9000,20.0000,-62.6477,-65.3702,0,0
176.0000,20.0000,-61.8947,-65.2759,0,0
176.1000,20.0000,-61.1568,-65.1806,0,0
176.2000,20.0000,-60.4337,-65.0841,0,0
176.3000,20.0000,-59.7250,-64.9864,0,0
176.4000,20.0000,-59.0305,-64.8874,0,0
176.5000,20.0000,-58.3499,-64.7872,0,0
176.6000,20.0000,-57.6829,-64.6857,0,0
176.7000,20.0000,-57.0292,-64.5828,0,0
176.8000,20.0000,-56.3887,-64.4785,0,0
176.9000,20.0000,-55.7609,-64.3728,0,0
177.0000,20.0000,-55.1457,-64.2655,0,0
177.1000,20.0000,-54.5428,-64.1567,0,0
177.2000,20.0000,-53.9519,-64.0462,0,0
177.3000,20.0000,-53.3729,-63.9340,0,0
177.4000,20.0000,-52.8054,-63.8200,0,0
177.5000,20.0000,-52.2493,-63.7042,0,0
177.6000,20.0000,-51.7043,-63.5865,0,0
177.7000,20.0000,-51.1702,-63.4668,0,0
177.8000,20.0000,-50.6468,-63.3450,0,0
177.9000,20.0000,-50.1339,-63.2210,0,0
178.0000,20.0000,30.0000,-63.0948,1,0
178.1000,20.0000,-64.2000,-62.9662,0,0
178.2000,20.0000,-63.4160,-62.8351,0,0
178.3000,20.0000,-62.6477,-62.7014,0,0
178.4000,20.0000,-61.8947,-62.5651,0,0
178.5000,20.0000,-61.1568,-62.4258,0,0
178.6000,20.0000,-60.4337,-62.2837,0,0
178.7000,20.0000,-59.7250,-62.1383,0,0
178.8000,20.0000,-59.0305,-61.9897,0,0
178.9000,20.0000,-58.3499,-61.8377,0,0
179.0000,20.0000,-57.6829,-61.6820,0,0
179.1000,20.0000,-57.0292,-61.5224,0,0
179.2000,20.0000,-56.3887,-61.3588,0,0
179.3000,20.0000,-55.7609,-61.1910,0,0
179.4000,20.0000,-55.1457,-61.0186,0,0
179.5000,20.0000,-54.5428,-60.8414,0,0
179.6000,20.0000,-53.9519,-60.6591,0,0
179.7000,20.0000,-53.3729,-60.4715,0,0
179.8000,20.0000,-52.8054,-60.2781,0,0
179.9000,20.0000,-52.2493,-60.0786,0,0
180.0000,0.0000,-52.5043,-61.8726,0,0
180.1000,0.0000,-52.7542,-63.6857,0,0
180.2000,0.0000,-52.9991,-65.4919,0,0
180.3000,0.0000,-53.2392,-67.2650,0,0
180.4000,0.0000,-53.4744,-68.9801,0,0
180.5000,0.0000,-53.7049,-70.6150,0,0
180.6000,0.0000,-53.9308,-72.1513,0,0
180.7000,0.0000,-54.1522,-73.5753,0,0
180.8000,0.0000,-54.3691,-74.8779,0,0
180.9000,0.0000,-54.5817,-76.0551,0,0
181.0000,0.0000,-54.7901,-77.1069,0,0
181.1000,0.0000,-54.9943,-78.0368,0,0
181.2000,0.0000,-55.1944,-78.8512,0,0
181.3000,0.0000,-55.3905,-79.5583,0,0
181.4000,0.0000,-55.5827,-80.1674,0,0
181.5000,0.0000,-55.7711,-80.6885,0,0
181.6000,0.0000,-55.9557,-81.1313,0,0
181.7000,0.0000,-56.1365,-81.5054,0,0
181.8000,0.0000,-56.3138,-81.8196,0,0
181.9000,0.0000,-56.4875,-82.0822,0,0
182.0000,0.0000,-56.6578,-82.3003,0,0
182.1000,0.0000,-56.8246,-82.4806,0,0
182.2000,0.0000,-56.9881,-82.6286,0,0
182.3000,0.0000,-57.1484,-82.7494,0,0
182.4000,0.0000,-57.3054,-82.8471,0,0
182.5000,0.0000,-57.4593,-82.9254,0,0
182.6000,0.0000,-57.6101,-82.9874,0,0
182.7000,0.0000,-57.7579,-83.0357,0,0
182.8000,0.0000,-57.9027,-83.0726,0,0
182.9000,0.0000,-58.0447,-83.0999,0,0
183.0000,0.0000,-58.1838,-83.1191,0,0
183.1000,0.0000,-58.3201,-83.1317,0,0
183.2000,0.0000,-58.4537,-83.1388,0,0
183.3000,0.0000,-58.5846,-83.1411,0,0
183.4000,0.0000,-58.7130,-83.1396,0,0
183.5000,0.0000,-58.8387,-83.1349,0,0
183.6000,0.0000,-58.9619,-83.1274,0,0
183.7000,0.0000,-59.0827,-83.1178,0,0
183.8000,0.0000,-59.2010,-83.1062,0,0
183.9000,0.0000,-59.3170,-83.0931,0,0
184.0000,0.0000,-59.4307,-83.0788,0,0
184.1000,0.0000,-59.5420,-83.0633,0,0
184.2000,0.0000,-59.6512,-83.0470,0,0
184.3000,0.0000,-59.7582,-83.0299,0,0
184.4000,0.0000,-59.8630,-83.0122,0,0
184.5000,0.0000,-59.9658,-82.9940,0,0
184.6000,0.0000,-60.0664,-82.9754,0,0
184.7000,0.0000,-60.1651,-82.9565,0,0
184.8000,0.0000,-60.2618,-82.9372,0,0
184.9000,0.0000,-60.3566,-82.9178,0,0
185.0000,0.0000,-60.4494,-82.8981,0,0
185.1000,0.0000,-60.5405,-82.8783,0,0
185.2000,0.0000,-60.6297,-82.8584,0,0
185.3000,0.0000,-60.7171,-82.8384,0,0
185.4000,0.0000,-60.8027,-82.8183,0,0
185.5000,0.0000,-60.8867,-82.7981,0,0
185.6000,0.0000,-60.9689,-82.7779,0,0
185.7000,0.0000,-61.0495,-82.7576,0,0
185.8000,0.0000,-61.1286,-82.7373,0,0
185.9000,0.0000,-61.2060,-82.7170,0,0
186.0000,0.0000,-61.2819,-82.6967,0,0
186.1000,0.0000,-61.3562,-82.6764,0,0
186.2000,0.0000,-61.4291,-82.6561,0,0
186.3000,0.0000,-61.5005,-82.6358,0,0
186.4000,0.0000,-61.5705,-82.6155,0,0
186.5000,0.0000,-61.6391,-82.5952,0,0
186.6000,0.0000,-61.7063,-82.5749,0,0
186.7000,0.0000,-61.7722,-82.5546,0,0
186.8000,0.0000,-61.8368,-82.5344,0,0
186.9000,0.0000,-61.9000,-82.5142,0,0
187.0000,0.0000,-61.9620,-82.4940,0,0
187.1000,0.0000,-62.0228,-82.4738,0,0
187.2000,0.0000,-62.0823,-82.4536,0,0
187.3000,0.0000,-62.1407,-82.4334,0,0
187.4000,0.0000,-62.1979,-82.4133,0,0
187.5000,0.0000,-62.2539,-82.3932,0,0
187.6000,0.0000,-62.3088,-82.3731,0,0
187.7000,0.0000,-62.3626,-82.3531,0,0
187.8000,0.0000,-62.4154,-82.3330,0,0
187.9000,0.0000,-62.4671,-82.3130,0,0
188.0000,0.0000,-62.5177,-82.2930,0,0
188.1000,0.0000,-62.5674,-82.2731,0,0
188.2000,0.0000,-62.6160,-82.2531,0,0
188.3000,0.0000,-62.6637,-82.2332,0,0
188.4000,0.0000,-62.7104,-82.2133,0,0
188.5000,0.0000,-62.7562,-82.1934,0,0
188.6000,0.0000,-62.8011,-82.1736,0,0
188.7000,0.0000,-62.8451,-82.1538,0,0
188.8000,0.0000,-62.8882,-82.1340,0,0
188.9000,0.0000,-62.9304,-82.1142,0,0
189.0000,0.0000,-62.9718,-82.0945,0,0
189.1000,0.0000,-63.0124,-82.0747,0,0
189.2000,0.0000,-63.0521,-82.0550,0,0
189.3000,0.0000,-63.0911,-82.0354,0,0
189.4000,0.0000,-63.1293,-82.0157,0,0
189.5000,0.0000,-63.1667,-81.9961,0,0
189.6000,0.0000,-63.2034,-81.9765,0,0
189.7000,0.0000,-63.2393,-81.9569,0,0
189.8000,0.0000,-63.2745,-81.9374,0,0
189.9000,0.0000,-63.3090,-81.9178,0,0
190.0000,0.0000,-63.3428,-81.8983,0,0
190.1000,0.0000,-63.3760,-81.8788,0,0
190.2000,0.0000,-63.4085,-81.8594,0,0
190.3000,0.0000,-63.4403,-81.8400,0,0
190.4000,0.0000,-63.4715,-81.8205,0,0
190.5000,0.0000,-63.5020,-81.8012,0,0
190.6000,0.0000,-63.5320,-81.7818,0,0
190.7000,0.0000,-63.5614,-81.7625,0,0
190.8000,0.0000,-63.5901,-81.7432,0,0
190.9000,0.0000,-63.6183,-81.7239,0,0
191.0000,0.0000,-63.6460,-81.7046,0,0
191.1000,0.0000,-63.6731,-81.6854,0,0
191.2000,0.0000,-63.6996,-81.6662,0,0
191.3000,0.0000,-63.7256,-81.6470,0,0
191.4000,0.0000,-63.7511,-81.6278,0,0
191.5000,0.0000,-63.7761,-81.6087,0,0
191.6000,0.0000,-63.8005,-81.5895,0,0
191.7000,0.0000,-63.8245,-81.5704,0,0
191.8000,0.0000,-63.8480,-81.5514,0,0
191.9000,0.0000,-63.8711,-81.5323,0,0
192.0000,0.0000,-63.8937,-81.5133,0,0
192.1000,0.0000,-63.9158,-81.4943,0,0
192.2000,0.0000,-63.9375,-81.4753,0,0
192.3000,0.0000,-63.9587,-81.4564,0,0
192.4000,0.0000,-63.9796,-81.4374,0,0
192.5000,0.0000,-64.0000,-81.4185,0,0
192.6000,0.0000,-64.0200,-81.3997,0,0
192.7000,0.0000,-64.0396,-81.3808,0,0
192.8000,0.0000,-64.0588,-81.3620,0,0
192.9000,0.0000,-64.0776,-81.3432,0,0
193.0000,0.0000,-64.0960,-81.3244,0,0
193.1000,0.0000,-64.1141,-81.3056,0,0
193.2000,0.0000,-64.1318,-81.2869,0,0
193.3000,0.0000,-64.1492,-81.2682,0,0
193.4000,0.0000,-64.1662,-81.2495,0,0
193.5000,0.0000,-64.1829,-81.2308,0,0
193.6000,0.0000,-64.1992,-81.2122,0,0
193.7000,0.0000,-64.2153,-81.1935,0,0
193.8000,0.0000,-64.2309,-81.1749,0,0
193.9000,0.0000,-64.2463,-81.1564,0,0
194.0000,0.0000,-64.2614,-81.1378,0,0
194.1000,0.0000,-64.2762,-81.1193,0,0
194.2000,0.0000,-64.2906,-81.1008,0,0
194.3000,0.0000,-64.3048,-81.0823,0,0
194.4000,0.0000,-64.3187,-81.0639,0,0
194.5000,0.0000,-64.3324,-81.0454,0,0
194.6000,0.0000,-64.3457,-81.0270,0,0
194.7000,0.0000,-64.3588,-81.0086,0,0
194.8000,0.0000,-64.3716,-80.9903,0,0
194.9000,0.0000,-64.3842,-80.9719,0,0
195.0000,0.0000,-64.3965,-80.9536,0,0
195.1000,0.0000,-64.4086,-80.9353,0,0
195.2000,0.0000,-64.4204,-80.9171,0,0
195.3000,0.0000,-64.4320,-80.8988,0,0
195.4000,0.0000,-64.4434,-80.8806,0,0
195.5000,0.0000,-64.4545,-80.8624,0,0
195.6000,0.0000,-64.4654,-80.8442,0,0
195.7000,0.0000,-64.4761,-80.8261,0,0
195.8000,0.0000,-64.4866,-80.8079,0,0
195.9000,0.0000,-64.4968,-80.7898,0,0
196.0000,0.0000,-64.5069,-80.7718,0,0
196.1000,0.0000,-64.5168,-80.7537,0,0
196.2000,0.0000,-64.5264,-80.7357,0,0
196.3000,0.0000,-64.5359,-80.7176,0,0
196.4000,0.0000,-64.5452,-80.6997,0,0
196.5000,0.0000,-64.5543,-80.6817,0,0
196.6000,0.0000,-64.5632,-80.6637,0,0
196.7000,0.0000,-64.5719,-80.6458,0,0
196.8000,0.0000,-64.5805,-80.6279,0,0
196.9000,0.0000,-64.5889,-80.6100,0,0
197.0000,0.0000,-64.5971,-80.5922,0,0
197.1000,0.0000,-64.6051,-80.5744,0,0
197.2000,0.0000,-64.6130,-80.5565,0,0
197.3000,0.0000,-64.6208,-80.5388,0,0
197.4000,0.0000,-64.6284,-80.5210,0,0
197.5000,0.0000,-64.6358,-80.5033,0,0
197.6000,0.0000,-64.6431,-80.4855,0,0
197.7000,0.0000,-64.6502,-80.4678,0,0
197.8000,0.0000,-64.6572,-80.4502,0,0
197.9000,0.0000,-64.6641,-80.4325,0,0
198.0000,0.0000,-64.6708,-80.4149,0,0
198.1000,0.0000,-64.6774,-80.3973,0,0
198.2000,0.0000,-64.6838,-80.3797,0,0
198.3000,0.0000,-64.6902,-80.3622,0,0
198.4000,0.0000,-64.6964,-80.3446,0,0
198.5000,0.0000,-64.7024,-80.3271,0,0
198.6000,0.0000,-64.7084,-80.3096,0,0
198.7000,0.0000,-64.7142,-80.2922,0,0
198.8000,0.0000,-64.7199,-80.2747,0,0
198.9000,0.0000,-64.7255,-80.2573,0,0
199.0000,0.0000,-64.7310,-80.2399,0,0
199.1000,0.0000,-64.7364,-80.2225,0,0
199.2000,0.0000,-64.7417,-80.2052,0,0
199.3000,0.0000,-64.7468,-80.1878,0,0
199.4000,0.0000,-64.7519,-80.1705,0,0
199.5000,0.0000,-64.7569,-80.1532,0,0
199.6000,0.0000,-64.7617,-80.1360,0,0
199.7000,0.0000,-64.7665,-80.1187,0,0
199.8000,0.0000,-64.7712,-80.1015,0,0
199.9000,0.0000,-64.7757,-80.0843,0,0
